match_id,time_stamp,title,tour,round,surface,winner,predict,prediction_roi,player1_name,player1_country,player1_height,player1_weight,player1_age,player1_current_rank,player1_highest_rank,player1_year_total_win,player1_year_total_lose,player1_year_surface_win,player1_year_surface_lose,player1_career_total_win,player1_career_total_lose,player1_career_surface_win,player1_career_surface_lose,player1_roi,player1_H2H,player1_elo,player1_odds,player1_latest_win,player2_name,player2_country,player2_height,player2_weight,player2_age,player2_current_rank,player2_highest_rank,player2_year_total_win,player2_year_total_lose,player2_year_surface_win,player2_year_surface_lose,player2_career_total_win,player2_career_total_lose,player2_career_surface_win,player2_career_surface_lose,player2_roi,player2_H2H,player2_elo,player2_odds,player2_latest_win
2011106,2021-12-16-20-45,Limoges,wta,round of 16,indoors,2,1.68,0.1,Tatiana Maria,Germany,172,62,34,295,46,12,15,1,1,620,459,145,79,-9.56,1,-,8.37,6,Alison Van Uytvanck,Belgium,173,63,27,68,37,23,19,9,3,354,240,127,51,-4.48,2,-,1.1,7
2010950,2021-12-16-22-30,Limoges,wta,round of 16,indoors,1,0.0,0,Kristina Mladenovic,France,184,60,28,99,10,25,28,6,4,393,341,99,55,-4.83,0,-,1.13,6,Ulrikke Eikeri,Norway,-,-,29,315,206,15,23,3,6,408,250,32,26,-8.12,0,-,7.06,4
2010988,2021-12-17-00-10,Limoges,wta,round of 16,indoors,1,1.35,0.55,Vera Zvonareva,Russia,172,59,37,87,2,25,15,5,2,560,286,87,56,-2.84,0,-,1.55,5,Nina Stojanovic,Serbia,176,63,25,114,81,20,17,2,2,237,163,27,20,5.54,0,-,2.60,5
2010724,2021-12-17-01-30,Limoges,wta,round of 16,indoors,1,1.35,0.46,Greetje Minnen,Belgium,175,68,24,77,69,38,25,6,5,256,135,47,25,-6.08,0,-,1.46,5,Stefanie Voegele,Switzerland,170,60,31,148,42,19,25,3,8,509,420,127,71,-12.56,0,-,2.87,3
2010618,2021-12-17-03-20,Limoges,wta,round of 16,indoors,2,1.71,0.48,Cristina Bucsa,Spain,180,63,23,161,149,31,26,8,6,235,140,41,27,-1.18,0,-,2.85,4,Varvara Gracheva,Russia,178,-,21,79,77,25,30,7,8,174,101,27,22,-0.48,1,-,1.48,5
