match_id,time_stamp,title,tour,round,surface,winner,predict,prediction_roi,player1_name,player1_country,player1_height,player1_weight,player1_age,player1_current_rank,player1_highest_rank,player1_year_total_win,player1_year_total_lose,player1_year_surface_win,player1_year_surface_lose,player1_career_total_win,player1_career_total_lose,player1_career_surface_win,player1_career_surface_lose,player1_roi,player1_H2H,player1_elo,player1_odds,player1_latest_win,player2_name,player2_country,player2_height,player2_weight,player2_age,player2_current_rank,player2_highest_rank,player2_year_total_win,player2_year_total_lose,player2_year_surface_win,player2_year_surface_lose,player2_career_total_win,player2_career_total_lose,player2_career_surface_win,player2_career_surface_lose,player2_roi,player2_H2H,player2_elo,player2_odds,player2_latest_win
2009860,2021-12-14-21-15,Limoges,wta,1. round,indoors,1,0.0,0,Greetje Minnen,Belgium,175,68,24,77,69,37,25,5,5,255,135,46,25,-6.27,0,-,1.22,4,Amalia Rosca Andreea,Romania,-,-,22,376,210,46,11,2,1,256,102,3,5,1.87,0,-,4.83,8
2009388,2021-12-15-03-15,Limoges,wta,1. round,indoors,2,0.0,0,Robin Montgomery,USA,-,-,17,375,349,7,8,0,0,24,17,4,2,-4.85,0,-,2.80,3,Polona Hercog,Slovenia,185,70,30,134,35,15,23,1,3,459,313,19,21,-12.51,0,-,1.49,4
2009400,2021-12-15-05-25,Limoges,wta,1. round,indoors,2,0.0,0,Daniela Vismane,Latvia,-,-,21,280,280,40,20,8,4,150,71,31,12,4.44,0,-,2.39,6,Nina Stojanovic,Serbia,176,63,25,114,81,19,17,1,2,236,163,26,20,4.92,0,-,1.64,5
2009404,2021-12-15-18-05,Limoges,wta,1. round,indoors,2,0.0,0,Audrey Albie,France,-,-,27,431,278,20,20,8,8,223,182,79,60,-0.84,0,-,1.6,5,Ulrikke Eikeri,Norway,-,-,28,315,206,14,23,2,6,407,250,31,26,-9.43,0,-,2.47,3
