match_id,time_stamp,title,tour,round,surface,predict,winner,prediction_roi,player1_name,player1_country,player1_height,player1_weight,player1_age,player1_current_rank,player1_highest_rank,player1_year_total_win,player1_year_total_lose,player1_year_surface_win,player1_year_surface_lose,player1_career_total_win,player1_career_total_lose,player1_career_surface_win,player1_career_surface_lose,player1_roi,player1_H2H,player1_elo,player1_odds,player2_name,player2_country,player2_height,player2_weight,player2_age,player2_current_rank,player2_highest_rank,player2_year_total_win,player2_year_total_lose,player2_year_surface_win,player2_year_surface_lose,player2_career_total_win,player2_career_total_lose,player2_career_surface_win,player2_career_surface_lose,player2_roi,player2_H2H,player2_elo,player2_odds
1974608,2021-08-28-04-00,Cleveland WTA,wta,semifinal,hard,1.28,1,0.75,Magda Linette,Poland,171,59,29,51,33,13,13,6,5,413,296,164,123,4.46,3,1747,1.75,Irina Begu,Romania,181,67,31,74,22,16,12,11,6,460,309,132,122,3.71,0,1764,2.21
1974874,2021-08-28-06-25,Chicago 2 WTA,wta,semifinal,hard,1.49,2,-1.0,Varvara Gracheva,Russia,-,-,21,88,86,15,20,8,7,164,91,35,29,-1.89,0,1536,3.05,Alize Cornet,France,173,60,31,68,11,18,19,8,7,518,402,200,164,7.04,0,1769,1.43
1974810,2021-08-28-03-45,Chicago 2 WTA,wta,semifinal,hard,1.43,1,0.31,Elina Svitolina,Ukraine,174,60,26,6,3,29,16,21,9,447,227,249,109,1.95,0,1962,1.31,Rebecca Peterson,Sweden,173,65,26,59,43,17,14,9,7,288,171,138,72,2.96,0,1713,3.81
1974763,2021-08-28-08-00,Cleveland WTA,wta,semifinal,hard,1.51,2,0.93,Sara Sorribes Tormo,Spain,176,69,24,43,43,27,14,22,7,344,212,95,77,16.88,1,1867,1.98,Anett Kontaveit,Estonia,174,65,25,30,14,22,13,13,8,355,181,141,84,-1.08,3,1905,1.93
1974608,2021-08-28-04-05,Cleveland WTA,wta,semifinal,hard,1.37,2,-1.0,Magda Linette,Poland,171,59,29,51,33,13,13,6,5,413,296,164,123,4.46,3,1747,1.68,Irina Begu,Romania,181,67,31,74,22,16,12,11,6,460,309,132,122,3.71,0,1764,2.34
1974765,2021-08-28-10-30,Winston Salem,atp,semifinal,hard,1.31,2,-1.0,Carlos Alcaraz,Spain,185,72,18,54,54,34,14,11,5,102,33,24,7,2.56,0,1765,1.49,Mikael Ymer,Sweden,183,75,22,90,67,21,14,8,3,217,114,43,22,8.05,1,1733,2.84