match_id,time_stamp,title,tour,round,surface,winner,predict,prediction_roi,player1_name,player1_country,player1_height,player1_weight,player1_age,player1_current_rank,player1_highest_rank,player1_year_total_win,player1_year_total_lose,player1_year_surface_win,player1_year_surface_lose,player1_career_total_win,player1_career_total_lose,player1_career_surface_win,player1_career_surface_lose,player1_roi,player1_H2H,player1_elo,player1_odds,player1_latest_win,player2_name,player2_country,player2_height,player2_weight,player2_age,player2_current_rank,player2_highest_rank,player2_year_total_win,player2_year_total_lose,player2_year_surface_win,player2_year_surface_lose,player2_career_total_win,player2_career_total_lose,player2_career_surface_win,player2_career_surface_lose,player2_roi,player2_H2H,player2_elo,player2_odds,player2_latest_win
1997529,2021-11-04-20-10,Eckental challenger,atp,round of 16,indoors,1,1.0,0.33,Maxime Cressy,USA,201,88,24,133,133,27,27,7,6,151,99,50,24,-1.83,0,-,1.33,7,Geoffrey Blancaneaux,France,180,75,23,278,264,20,26,1,2,229,162,40,49,-3.59,0,-,3.38,7
1997684,2021-11-04-18-30,Monastir 8 ITF,wta,round of 16,hard,1,1.0,0.23,Julia Middendorf,Germany,-,-,18,711,711,14,7,1,0,20,15,1,0,3.66,0,-,1.23,8,Nicole Gadient,Switzerland,-,-,23,973,950,20,20,16,10,90,131,37,42,-12.92,0,-,3.89,8
1997683,2021-11-04-18-30,Monastir 8 ITF,wta,round of 16,hard,1,1.0,0.1,Luksika Kumkhum,Thailand,167,54,28,1001,66,6,2,6,2,351,175,275,127,1.28,1,-,1.10,6,Katherine Westbury,New Zealand,-,-,28,1060,576,25,6,17,1,147,81,117,61,3.94,0,-,6.25,6
1997675,2021-11-04-17-30,Antalya 30 ITF,wta,round of 16,clay,1,1.0,1.31,Lavinia Tanasie,Romania,-,-,18,1190,1170,17,8,17,8,17,8,17,8,9.91,0,-,2.31,6,Natalia Siedliska,Germany,-,-,25,699,543,14,16,14,14,217,186,128,109,-7.86,0,-,1.57,6
1997669,2021-11-04-15-00,Antalya 30 ITF,wta,round of 16,clay,2,2.0,0.3,Basak Eraydin,Turkey,-,-,27,899,156,8,14,8,14,359,253,151,120,-11.0,0,-,3.30,4,Julia Riera,Argentina,-,-,19,809,809,36,15,15,7,54,34,33,25,6.62,0,-,1.30,4
1997772,2021-11-04-17-30,Haabneeme ITF,wta,round of 16,indoors,1,2.0,-1,Daria Lopatetska,Ukraine,-,-,18,481,216,11,14,2,1,67,37,11,5,-8.38,0,-,3.90,7,Mariam Bolkvadze,Georgia,-,-,23,183,152,29,22,4,2,243,152,30,22,-2.91,0,-,1.23,7
1997700,2021-11-04-17-30,Haabneeme ITF,wta,round of 16,indoors,1,1.0,0.31,Weronika Falkowska,Poland,-,-,21,400,392,41,12,2,0,107,55,2,2,0.58,0,-,1.31,7,Taylor Ng,USA,-,-,26,721,721,25,17,3,0,53,30,3,0,5.79,0,-,3.25,7
1997767,2021-11-04-20-10,Nantes ITF,wta,round of 16,indoors,2,1.46,-1,Urszula Radwanska,Poland,177,57,30,204,29,25,17,18,7,414,319,72,43,4.96,1,-,1.72,3,Lesley Pattinama Kerkhove,Netherlands,172,55,30,152,148,29,28,3,4,463,326,121,95,-1.78,1,-,2.05,3
