match_id,time_stamp,title,tour,round,surface,predict,winner,prediction_roi,player1_name,player1_country,player1_height,player1_weight,player1_age,player1_current_rank,player1_highest_rank,player1_year_total_win,player1_year_total_lose,player1_year_surface_win,player1_year_surface_lose,player1_career_total_win,player1_career_total_lose,player1_career_surface_win,player1_career_surface_lose,player1_roi,player1_H2H,player1_elo,player1_odds,player2_name,player2_country,player2_height,player2_weight,player2_age,player2_current_rank,player2_highest_rank,player2_year_total_win,player2_year_total_lose,player2_year_surface_win,player2_year_surface_lose,player2_career_total_win,player2_career_total_lose,player2_career_surface_win,player2_career_surface_lose,player2_roi,player2_H2H,player2_elo,player2_odds
1973924,2021-08-26-02-05,Chicago 2 WTA,wta,round of 16,hard,1.39,1,0.4499999999999999,Marketa Vondrousova,Czech Republic,172,59,22,40,14,20,14,15,7,196,84,62,34,3.37,1,1869,1.45,Alison Van Uytvanck,Belgium,173,63,27,58,37,14,13,7,5,345,234,91,85,-3.52,1,1750,2.99
1973942,2021-08-26-01-30,Cleveland WTA,wta,round of 16,hard,1.48,1,0.04,Katerina Siniakova,Czech Republic,174,69,25,53,31,20,14,6,7,304,209,96,84,5.12,0,1811,1.04,Nagi Hanatani,Japan,-,-,26,402,356,9,19,2,4,189,212,130,142,3.08,0,-,16.7
1973935,2021-08-26-02-05,Chicago 2 WTA,wta,round of 16,hard,1.79,1,-1.0,Tereza Martincova,Czech Republic,179,64,26,60,60,32,19,15,6,395,295,103,75,-1.71,0,1749,1.97,Su-Wei Hsieh,Taipei (CHN),169,57,35,81,23,11,12,10,5,497,342,342,212,2.53,0,1758,1.93
1974174,2021-08-26-06-30,Winston Salem,atp,round of 16,hard,1.34,2,-1.0,Max Purcell,Australia,185,75,23,205,190,15,10,11,6,185,136,145,103,18.27,0,1574,2.79,Mikael Ymer,Sweden,183,75,22,90,67,19,14,6,3,215,114,41,22,5.85,0,1733,1.5
1973925,2021-08-26-06-45,Chicago 2 WTA,wta,round of 16,hard,1.69,1,-1.0,Rebecca Peterson,Sweden,173,65,26,59,43,15,14,7,7,286,171,136,72,0.34,1,1713,2.56,Viktorija Golubic,Switzerland,169,56,28,45,45,44,16,13,6,415,244,111,70,8.54,1,1791,1.58
1974214,2021-08-26-09-15,Winston Salem,atp,round of 16,hard,1.61,1,-1.0,Frances Tiafoe,USA,188,86,23,51,29,26,20,13,10,257,187,114,89,2.08,0,1789,1.2,Moura Monteiro Thiago,Brazil,183,78,27,93,74,14,18,8,5,380,282,66,58,-7.08,0,1604,5.29