match_id,time_stamp,title,tour,round,surface,winner,predict,prediction_roi,player1_name,player1_country,player1_height,player1_weight,player1_age,player1_current_rank,player1_highest_rank,player1_year_total_win,player1_year_total_lose,player1_year_surface_win,player1_year_surface_lose,player1_career_total_win,player1_career_total_lose,player1_career_surface_win,player1_career_surface_lose,player1_roi,player1_H2H,player1_elo,player1_odds,player2_name,player2_country,player2_height,player2_weight,player2_age,player2_current_rank,player2_highest_rank,player2_year_total_win,player2_year_total_lose,player2_year_surface_win,player2_year_surface_lose,player2_career_total_win,player2_career_total_lose,player2_career_surface_win,player2_career_surface_lose,player2_roi,player2_H2H,player2_elo,player2_odds
1981628,2021-09-20-20-40,Nur-Sultan,atp,1. round,indoors,2,1.43,-1,Jiri Vesely,Czech Republic,198,94,28,88,35,16,22,1,1,400,274,48,46,-12.82,1,-,1.63,Jaume Munar,Spain,183,76,24,71,52,32,20,0,0,291,192,8,19,-7.2,0,-,2.41
1981632,2021-09-20-22-45,Nur-Sultan,atp,1. round,indoors,2,1.63,0.41,Fernando Verdasco,Spain,188,90,37,134,7,6,12,0,0,694,497,94,79,-7.24,1,-,3.10,Miomir Kecmanovic,Serbia,183,75,22,60,38,12,20,0,0,203,132,15,14,-10.74,0,-,1.41
1981626,2021-09-20-20-20,Nur-Sultan,atp,1. round,indoors,2,1.55,2.57,Andreas Seppi,Italy,191,78,37,87,18,20,18,10,3,667,581,181,126,13.42,0,-,1.34,Timofey Skatov,Kazakhstan,173,73,20,280,274,30,21,1,4,96,71,4,8,5.79,0,-,3.57
1982199,2021-09-21-00-00,Columbus WTA,wta,1. round,indoors,2,0.0,0,Jamie Loeb,USA,168,61,26,177,132,21,19,0,0,229,189,20,12,-0.25,0,-,2.20,Hailey Baptiste,USA,-,-,19,178,166,16,15,0,0,92,54,0,1,-0.35,1,-,1.74
1982372,2021-09-20-22-10,Ostrava WTA,wta,1. round,indoors,1,0.0,0,Paula Badosa,Spain,180,72,23,27,26,34,14,3,2,277,151,24,15,12.59,1,-,1.29,Varvara Gracheva,Russia,-,-,21,82,77,18,24,1,3,167,95,21,17,-0.79,2,-,3.96
1981629,2021-09-21-01-20,Nur-Sultan,atp,1. round,indoors,1,1.44,0.68,Laslo Djere,Serbia,188,82,26,49,27,20,21,0,0,319,208,19,30,-5.88,0,-,1.68,Elahi Galan Daniel,Colombia,191,72,25,108,103,25,24,0,1,278,219,2,8,-0.94,0,-,2.31
1982581,2021-09-21-06-00,Columbus WTA,wta,1. round,indoors,1,1.34,0.44,Madison Brengle,USA,174,60,31,90,35,19,19,0,0,515,387,50,40,-2.7,2,-,1.44,Danielle Lao,USA,160,80,30,268,152,10,11,2,0,179,152,10,8,-0.24,2,-,2.93
1982149,2021-09-21-03-00,Columbus WTA,wta,1. round,indoors,2,0.0,0,Katrina Scott,USA,-,-,17,445,338,9,12,0,0,24,21,0,0,-2.16,0,-,2.13,Katie Volynets,USA,-,-,19,185,183,28,19,0,0,90,59,8,4,0.83,1,-,1.79
1982200,2021-09-21-01-30,Columbus WTA,wta,1. round,indoors,2,0.0,0,Elvina Kalieva,USA,-,-,18,642,640,12,10,0,0,49,40,0,0,-0.14,0,-,6.32,Nuria Parrizas-Diaz,Spain,-,-,30,86,86,48,15,0,2,480,292,21,18,16.41,0,-,1.15
1982144,2021-09-21-04-30,Columbus WTA,wta,1. round,indoors,1,1.34,0.23,Ann Li,USA,160,50,21,73,66,15,10,0,0,128,78,7,3,1.54,1,-,1.23,Lizette Cabrera,Australia,168,55,23,162,119,6,16,0,0,194,178,10,6,-12.87,0,-,4.50
1982145,2021-09-21-04-30,Columbus WTA,wta,1. round,indoors,2,1.53,1.14,Rebecca Marino,Canada,183,64,30,158,38,21,14,0,0,245,152,48,32,3.45,0,-,1.76,Harriet Dart,Great Britain,172,58,25,144,121,20,18,0,1,254,182,61,33,-1.05,0,-,2.14
1982147,2021-09-21-06-00,Columbus WTA,wta,1. round,indoors,1,0.0,0,Mariam Bolkvadze,Georgia,-,-,23,188,152,24,18,0,0,238,148,26,20,-0.87,0,-,1.50,Kurumi Nara,Japan,155,52,29,176,32,16,17,0,0,365,305,38,21,-6.66,0,-,2.74
1982371,2021-09-21-03-30,Ostrava WTA,wta,1. round,indoors,2,1.46,-1,Oceane Dodin,France,183,59,24,94,46,29,25,5,5,310,190,145,65,-7.19,0,-,2.39,Magda Linette,Poland,171,59,29,59,33,15,15,2,0,415,298,66,38,2.61,1,-,1.64
1981684,2021-09-21-02-00,Ostrava WTA,wta,1. round,indoors,2,1.51,0.36,Sorana-Mihaela Cirstea,Romania,176,59,31,37,21,23,16,0,1,487,364,46,48,9.39,0,-,3.41,Anett Kontaveit,Estonia,174,65,25,30,14,26,14,0,0,359,182,55,27,-0.22,4,-,1.36
1981864,2021-09-21-03-30,Metz,atp,1. round,indoors,1,1.43,0.38,Nikoloz Basilashvili,Georgia,185,79,29,36,16,27,22,0,2,434,349,60,58,13.51,0,-,1.38,Gianluca Mager,Italy,188,77,26,78,66,26,22,0,0,361,251,58,43,1.61,1,-,3.29
1981866,2021-09-21-00-10,Metz,atp,1. round,indoors,1,1.44,1.21,Lorenzo Sonego,Italy,191,76,26,24,23,24,18,2,2,311,193,51,34,2.43,2,-,2.21,Marton Fucsovics,Hungary,188,82,29,41,31,24,16,6,1,418,295,113,82,3.61,3,-,1.74
1981861,2021-09-21-02-00,Metz,atp,1. round,indoors,2,1.45,-1,Gregoire Barrere,France,183,80,27,151,80,25,20,11,7,368,273,176,119,-4.83,0,-,2.42,Vasek Pospisil,Canada,193,88,31,66,25,6,12,0,0,479,340,125,73,-6.85,0,-,1.63
1982582,2021-09-21-08-10,Columbus WTA,wta,1. round,indoors,1,1.29,0.51,Priscilla Hon,Australia,171,63,23,246,118,5,5,2,0,176,139,7,7,1.16,0,-,1.51,Francesca Di Lorenzo,USA,170,61,24,193,118,6,16,0,0,146,111,15,6,-8.31,1,-,2.73
1982633,2021-09-21-16-10,Nur-Sultan,atp,1. round,indoors,2,1.49,-1,Elias Ymer,Sweden,183,79,25,169,105,30,22,2,2,295,223,57,44,3.76,1,-,5.09,Ilya Ivashka,Belarus,193,84,27,52,52,37,17,0,1,327,202,87,54,6.88,0,-,1.2
1982635,2021-09-21-18-05,Nur-Sultan,atp,1. round,indoors,2,1.61,0.34,Marc Polmans,Australia,188,78,24,165,116,21,24,2,3,272,207,10,12,-11.55,0,-,3.53,Lorenzo Musetti,Italy,185,75,19,57,57,31,22,5,2,112,70,24,14,-2.37,0,-,1.34
1982194,2021-09-21-19-05,Metz,atp,1. round,indoors,1,1.41,1.24,Mikael Ymer,Sweden,183,75,23,75,67,22,16,0,1,218,116,64,30,7.79,1,-,2.24,Jan-Lennard Struff,Germany,193,92,31,55,29,22,23,0,2,547,386,155,107,0.07,0,-,1.72
1981863,2021-09-21-19-05,Metz,atp,1. round,indoors,2,1.38,-1,Arthur Rinderknech,France,196,86,26,74,74,49,23,21,8,210,119,61,34,11.04,0,-,1.63,Marcos Giron,USA,180,77,28,69,64,23,19,2,2,338,201,41,32,6.03,1,-,2.42
1982670,2021-09-21-20-30,Metz,atp,1. round,indoors,1,1.39,0.33,Philipp Kohlschreiber,Germany,178,70,37,107,16,14,13,1,1,679,501,112,101,0.88,1,-,1.33,Marco Cecchinato,Italy,185,78,28,83,16,29,24,0,0,474,322,33,32,-8.44,2,-,3.59
