match_id,time_stamp,title,tour,round,surface,winner,prediction_roi,predict,player1_name,player1_country,player1_height,player1_weight,player1_age,player1_current_rank,player1_highest_rank,player1_year_total_win,player1_year_total_lose,player1_year_surface_win,player1_year_surface_lose,player1_career_total_win,player1_career_total_lose,player1_career_surface_win,player1_career_surface_lose,player1_roi,player1_H2H,player1_elo,player1_odds,player2_name,player2_country,player2_height,player2_weight,player2_age,player2_current_rank,player2_highest_rank,player2_year_total_win,player2_year_total_lose,player2_year_surface_win,player2_year_surface_lose,player2_career_total_win,player2_career_total_lose,player2_career_surface_win,player2_career_surface_lose,player2_roi,player2_H2H,player2_elo,player2_odds
1978863,2021-09-11-00-00,Karlsruhe,wta,quarterfinal,clay,1,-1.0,1.68,Adina Cristian Jaqueline,Romania,180,-,23,142,140,24,19,14,11,227,156,114,79,3.9,0,1510,2.31,Mariana Schunk Nastasja,Germany,171,-,18,439,434,31,11,29,6,58,30,47,18,7.96,0,2130,1.69
1978856,2021-09-10-22-30,Karlsruhe,wta,quarterfinal,clay,1,0.42,1.03,Mayar Sherif,Egypt,180,-,25,96,94,29,19,20,9,188,83,113,40,-3.75,0,1645,1.42,Rebecca Sramkova,Slovakia,179,68,24,187,111,31,20,15,9,311,192,192,101,7.51,0,1551,3.14
1978831,2021-09-10-20-20,Karlsruhe,wta,quarterfinal,clay,2,-1.0,1.15,Dalma Galfi,Hungary,178,68,23,152,136,25,18,21,12,225,149,102,69,-0.09,0,1543,1.76,Martina Trevisan,Italy,160,-,27,106,83,11,21,9,9,257,147,211,96,-13.24,0,1542,2.18
1978605,2021-09-11-05-00,US Open,atp,semifinal,hard,2,0.17,1.87,Felix Auger Aliassime,Canada,193,88,21,15,15,33,18,19,8,220,130,75,51,5.32,0,1859,5.71,Daniil Medvedev,Russia,198,83,25,2,2,45,10,29,4,369,162,151,53,-0.73,1,2099,1.17
1978810,2021-09-11-09-35,US Open,atp,semifinal,hard,1,0.41,1.21,Novak Djokovic,Serbia,187,80,34,1,1,44,5,19,2,1118,237,529,97,3.56,7,2128,1.41,Alexander Zverev,Germany,198,90,24,4,3,43,11,25,4,390,207,152,79,7.45,4,2084,3.16