match_id,time_stamp,title,tour,round,surface,winner,predict,prediction_roi,player1_name,player1_country,player1_height,player1_weight,player1_age,player1_current_rank,player1_highest_rank,player1_year_total_win,player1_year_total_lose,player1_year_surface_win,player1_year_surface_lose,player1_career_total_win,player1_career_total_lose,player1_career_surface_win,player1_career_surface_lose,player1_roi,player1_H2H,player1_elo,player1_odds,player1_latest_win,player2_name,player2_country,player2_height,player2_weight,player2_age,player2_current_rank,player2_highest_rank,player2_year_total_win,player2_year_total_lose,player2_year_surface_win,player2_year_surface_lose,player2_career_total_win,player2_career_total_lose,player2_career_surface_win,player2_career_surface_lose,player2_roi,player2_H2H,player2_elo,player2_odds,player2_latest_win
2002800,2021-11-20-22-00,Masters Cup ATP,atp,semifinal,indoors,1,2.0,-1,Daniil Medvedev,Russia,198,83,25,2,2,57,12,12,2,381,164,124,53,2.24,2,-,1.14,8,Casper Ruud,Norway,183,77,22,8,8,55,16,7,3,270,160,35,27,10.18,0,-,6.64,6
2002622,2021-11-21-05-10,Masters Cup ATP,atp,semifinal,indoors,2,1.31,-1,Novak Djokovic,Serbia,187,80,34,1,1,52,6,7,0,1126,238,147,44,5.06,8,-,1.44,9,Alexander Zverev,Germany,198,90,24,3,3,57,15,11,3,404,211,74,38,6.78,4,-,3.04,8
2002872,2021-11-21-07-30,Montevideo WTA,wta,semifinal,clay,2,0.0,0,Victoria Jimenez Kasintseva,Andorra,-,-,16,378,378,32,21,26,15,38,27,32,21,4.13,1,1470,2.3,9,Panna Udvardy,Hungary,-,-,23,116,116,68,26,60,17,240,159,192,116,-1.35,0,1443,1.7,8
2002871,2021-11-21-06-05,Montevideo WTA,wta,semifinal,clay,2,0.0,0,Ekaterine Gorgodze,Georgia,-,-,29,154,144,36,27,32,14,507,353,377,222,-3.35,0,1508,3.39,7,Diane Parry,France,-,-,19,149,149,49,23,48,20,110,75,92,54,-2.22,0,1399,1.37,8
