match_id,time_stamp,title,tour,round,surface,winner,predict,prediction_roi,player1_name,player1_country,player1_height,player1_weight,player1_age,player1_current_rank,player1_highest_rank,player1_year_total_win,player1_year_total_lose,player1_year_surface_win,player1_year_surface_lose,player1_career_total_win,player1_career_total_lose,player1_career_surface_win,player1_career_surface_lose,player1_roi,player1_H2H,player1_elo,player1_odds,player2_name,player2_country,player2_height,player2_weight,player2_age,player2_current_rank,player2_highest_rank,player2_year_total_win,player2_year_total_lose,player2_year_surface_win,player2_year_surface_lose,player2_career_total_win,player2_career_total_lose,player2_career_surface_win,player2_career_surface_lose,player2_roi,player2_H2H,player2_elo,player2_odds
1990734,2021-10-16-04-15,Indian Wells,atp,quarterfinal,hard,1,1.75,-1,Nikoloz Basilashvili,Georgia,185,79,29,36,16,32,24,16,10,439,351,193,152,16.04,0,1755,4.59,Stefanos Tsitsipas,Greece,193,89,23,3,3,54,15,26,7,376,179,158,86,-0.0,2,2037,1.24
1990761,2021-10-16-06-50,Indian Wells,atp,quarterfinal,hard,1,1.59,-1,Harry Fritz Taylor,USA,193,86,23,39,24,25,18,19,12,260,180,166,97,3.81,1,1763,5.81,Alexander Zverev,Germany,198,90,24,4,3,47,12,28,5,394,208,155,80,7.39,3,2089,1.17
1990899,2021-10-16-13-30,Indian Wells,wta,semifinal,hard,2,1.46,-1,Ons Jabeur,Tunis,167,66,27,14,14,48,17,25,11,365,203,134,99,8.29,1,1981,1.76,Paula Badosa,Spain,180,72,23,27,26,39,15,15,7,282,152,104,52,15.17,1,1888,2.2
1990736,2021-10-16-11-05,Indian Wells,wta,semifinal,hard,1,1.26,0.43,Viktoria Azarenka,Belarus,180,60,32,32,1,27,8,17,5,573,216,334,113,-0.64,1,1978,1.43,Jelena Ostapenko,Latvia,177,68,24,29,5,31,17,12,8,296,180,82,76,3.84,0,1866,3.06
