match_id,time_stamp,title,tour,round,surface,winner,predict,prediction_roi,player1_name,player1_country,player1_height,player1_weight,player1_age,player1_current_rank,player1_highest_rank,player1_year_total_win,player1_year_total_lose,player1_year_surface_win,player1_year_surface_lose,player1_career_total_win,player1_career_total_lose,player1_career_surface_win,player1_career_surface_lose,player1_roi,player1_H2H,player1_elo,player1_odds,player2_name,player2_country,player2_height,player2_weight,player2_age,player2_current_rank,player2_highest_rank,player2_year_total_win,player2_year_total_lose,player2_year_surface_win,player2_year_surface_lose,player2_career_total_win,player2_career_total_lose,player2_career_surface_win,player2_career_surface_lose,player2_roi,player2_H2H,player2_elo,player2_odds
1985596,2021-09-29-21-45,Nur-Sultan WTA,wta,round of 16,indoors,1,0.0,0,Anastasia Gasanova,Russia,-,-,22,160,160,22,19,8,4,183,108,40,26,5.77,1,-,4.09,Ana Konjuh,Croatia,174,65,23,77,20,41,21,5,3,211,127,31,22,4.86,0,-,1.28
1985613,2021-09-30-03-00,Chicago 3 WTA,wta,2. round,hard,1,0.0,0,Mai Hontama,Japan,-,-,22,200,200,38,12,29,9,140,88,126,77,12.61,0,2140,7.14,Anett Kontaveit,Estonia,174,65,25,23,14,32,14,18,9,365,182,146,85,3.99,0,1936,1.12
1984447,2021-09-29-21-55,Sofia,atp,1. round,indoors,1,1.41,0.13,Ilya Ivashka,Belarus,193,84,27,45,45,40,18,3,2,330,203,90,55,6.64,0,-,1.13,Pablo Andujar,Spain,180,80,35,92,32,19,18,0,0,564,465,28,43,6.77,1,-,6.89
1985246,2021-09-30-00-45,Sofia,atp,round of 16,indoors,1,1.61,-1,Gianluca Mager,Italy,188,77,26,78,66,27,23,1,1,362,252,59,44,2.28,0,-,2.78,Miomir Kecmanovic,Serbia,183,75,22,62,38,14,21,2,1,205,133,17,15,-11.19,1,-,1.51
1984442,2021-09-30-01-30,Sofia,atp,1. round,indoors,2,1.64,0.11,Alexandar Lazarov,Bulgaria,191,84,23,462,461,39,15,0,0,187,109,6,9,-2.59,0,-,7.58,Filip Krajinovic,Serbia,185,75,29,37,26,15,16,0,1,458,269,68,51,-3.2,0,-,1.11
1985597,2021-09-30-00-35,Nur-Sultan WTA,wta,round of 16,indoors,1,1.27,0.15,Yulia Putintseva,Kazakhstan,163,59,26,47,27,26,21,2,1,340,259,37,28,-2.68,1,-,1.15,Vera Lapko,Belarus,184,63,23,408,60,9,9,1,2,160,95,44,23,-2.84,0,-,6.32
1985612,2021-09-30-01-30,Chicago 3 WTA,wta,2. round,hard,1,1.47,0.75,Tereza Martincova,Czech Republic,179,64,26,53,53,37,23,18,9,400,299,106,78,0.56,1,1761,1.75,Tamara Zidansek,Slovenia,167,80,23,33,33,29,17,8,10,265,119,59,45,8.32,1,1715,2.18
1985531,2021-09-30-01-30,Chicago 3 WTA,wta,2. round,hard,1,1.28,0.36,Veronika Kudermetova,Russia,175,63,24,31,28,29,20,13,11,267,180,129,84,-1.54,2,1849,1.36,Harriet Dart,Great Britain,172,58,25,141,121,23,20,13,10,257,184,145,96,-0.44,0,1623,3.40
1985610,2021-09-30-01-30,Chicago 3 WTA,wta,2. round,hard,1,1.27,0.52,Elina Svitolina,Ukraine,174,60,27,6,3,35,17,27,10,453,228,255,110,3.17,2,1978,1.52,Amanda Anisimova,USA,180,59,20,82,21,16,14,10,6,105,64,63,40,-8.32,1,1803,2.71
1985263,2021-09-30-00-10,Chicago 3 WTA,wta,2. round,hard,2,1.66,0.24,Aliaksandra Sasnovich,Belarus,174,60,27,106,30,21,18,8,7,343,221,123,84,2.36,0,1732,4.52,Elena Rybakina,Kazakhstan,184,73,22,17,16,29,19,15,12,200,95,75,41,-4.93,1,1895,1.24
1985523,2021-09-30-01-30,Chicago 3 WTA,wta,2. round,hard,1,1.31,0.54,Belen Teichmann Jil,Switzerland,170,80,24,38,38,22,16,17,9,236,162,65,57,8.16,0,2140,1.54,Magda Linette,Poland,171,59,29,54,33,17,16,7,7,417,299,165,125,2.56,0,1748,2.64
1985247,2021-09-30-00-10,Chicago 3 WTA,wta,2. round,hard,1,1.28,0.12,Belinda Bencic,Switzerland,175,63,24,12,4,32,18,20,8,337,179,161,87,6.67,0,1927,1.12,Maddison Inglis,Australia,171,59,23,130,112,15,18,10,9,197,124,169,99,-3.27,0,1518,7.18
1985611,2021-09-30-00-10,Chicago 3 WTA,wta,2. round,hard,2,0.0,0,Kateryna Kozlova,Ukraine,175,51,27,140,62,18,13,4,2,347,230,148,105,3.35,0,1633,1.91,Gabriela Ruse Elena,Romania,-,-,23,98,98,27,13,6,3,225,123,31,20,4.82,0,1703,1.98
1985105,2021-09-30-03-30,Chicago 3 WTA,wta,2. round,hard,1,1.25,0.24,Jessica Pegula,USA,170,70,27,24,23,35,17,25,10,316,198,170,95,7.36,1,1930,1.24,Andrea Petkovic,Germany,180,69,34,64,9,21,17,5,6,531,359,175,142,1.01,1,1755,4.43
1985717,2021-09-30-04-30,San Diego,atp,1. round,hard,2,1.61,1.04,Kevin Anderson,RSA,203,94,35,69,5,16,14,6,8,584,343,353,178,-4.83,2,1817,1.85,Daniel Evans,Great Britain,175,75,31,22,22,22,18,10,9,537,323,233,129,8.15,0,1814,2.04
1985712,2021-09-30-03-05,Sofia,atp,round of 16,indoors,1,1.42,0.23,Kamil Majchrzak,Poland,180,78,25,125,83,35,19,2,3,334,186,33,27,2.0,0,-,1.23,Dimitar Kuzmanov,Bulgaria,193,77,28,226,226,30,24,1,1,482,236,12,25,-2.56,0,-,4.79
1985237,2021-09-30-04-15,Chicago 3 WTA,wta,2. round,hard,2,1.25,-1,Vanessa Andreescu Bianca,Canada,170,60,21,20,4,16,10,13,6,158,62,105,31,-2.4,0,2140,1.60,Shelby Rogers,USA,175,70,28,43,40,24,20,15,10,278,222,153,112,0.34,0,1798,2.48
1985264,2021-09-30-04-05,Chicago 3 WTA,wta,2. round,hard,1,1.39,0.78,Marketa Vondrousova,Czech Republic,172,59,22,41,14,26,17,18,9,202,87,65,36,2.74,0,1853,1.78,Anastasia Pavlyuchenkova,Russia,177,72,30,13,13,25,16,11,9,459,313,239,172,3.51,0,1890,2.15
1985614,2021-09-30-06-25,Chicago 3 WTA,wta,2. round,hard,1,0.0,0,Viktoria Azarenka,Belarus,180,60,32,34,1,22,8,12,5,568,216,329,113,-2.29,0,1972,1.14,Hailey Baptiste,USA,-,-,19,174,166,18,16,8,8,94,55,49,31,1.12,0,1563,6.61
1984933,2021-09-30-07-15,San Diego,atp,1. round,hard,1,1.38,0.2,Hubert Hurkacz,Poland,196,81,24,12,11,29,16,18,7,268,166,127,59,13.73,0,1858,1.20,Alex Bolt,Australia,183,84,28,144,125,19,15,7,4,374,261,210,156,9.31,2,1564,5.14
1985265,2021-09-30-10-40,San Diego,atp,round of 16,hard,1,1.35,0.33,Andrey Rublev,Russia,188,70,23,5,5,44,15,22,8,329,185,122,67,2.95,0,2003,1.33,Brandon Nakashima,USA,185,77,20,83,83,33,20,16,8,114,62,73,36,-0.02,0,1765,3.68
1985669,2021-09-30-12-05,San Diego,atp,round of 16,hard,2,1.36,-1,Lloyd Harris,RSA,193,80,24,32,31,29,18,22,9,310,149,233,84,10.54,0,1853,1.97,Diego Schwartzman,Argentina,170,64,29,15,8,28,18,14,8,566,325,83,74,-10.17,1,1875,1.93
1985745,2021-09-30-16-05,Nur-Sultan WTA,wta,quarterfinal,indoors,2,0.0,0,Varvara Gracheva,Russia,-,-,21,88,77,20,25,3,4,169,96,23,18,0.58,0,-,2.42,Alison Van Uytvanck,Belgium,173,63,27,89,37,16,16,2,1,347,237,120,49,-6.12,0,-,1.64
1985744,2021-09-30-17-30,Nur-Sultan WTA,wta,quarterfinal,indoors,1,0.0,0,Adina Cristian Jaqueline,Romania,-,-,23,126,126,27,21,10,3,230,158,36,24,4.7,0,-,2.12,Alexandra Krunic,Serbia,163,53,28,166,39,32,14,4,1,353,252,42,35,3.11,1,-,1.81
1985856,2021-09-30-19-25,Nur-Sultan WTA,wta,quarterfinal,indoors,1,0.0,0,Yulia Putintseva,Kazakhstan,163,59,26,47,27,27,21,3,1,341,259,38,28,-2.55,0,-,1.16,Anastasia Gasanova,Russia,-,-,22,160,160,23,19,9,4,184,108,41,26,8.86,0,-,6.15
1985734,2021-09-30-19-05,Sofia,atp,round of 16,indoors,1,1.49,0.56,John Millman,Australia,183,79,32,55,33,17,21,3,3,438,291,53,31,-2.03,1,-,1.56,Illya Marchenko,Ukraine,185,82,34,151,49,33,23,20,7,549,390,206,115,5.49,1,-,2.6
1985500,2021-09-30-19-10,Sofia,atp,round of 16,indoors,1,1.51,-1,Marcos Giron,USA,180,77,28,67,64,26,20,5,3,341,202,44,33,8.21,2,-,2.45,Alex De Minaur,Australia,183,69,22,26,15,21,19,1,2,230,131,43,23,-10.3,1,-,1.62
1985769,2021-10-01-01-00,Sofia,atp,round of 16,indoors,2,1.43,-1,Ilya Ivashka,Belarus,193,84,27,45,45,41,18,4,2,331,203,91,55,6.77,1,-,1.88,Gael Monfils,France,193,85,35,20,6,11,14,2,1,611,341,148,66,-4.12,1,-,2.02
