match_id,time_stamp,title,tour,round,surface,winner,predict,prediction_roi,player1_name,player1_country,player1_height,player1_weight,player1_age,player1_current_rank,player1_highest_rank,player1_year_total_win,player1_year_total_lose,player1_year_surface_win,player1_year_surface_lose,player1_career_total_win,player1_career_total_lose,player1_career_surface_win,player1_career_surface_lose,player1_roi,player1_H2H,player1_elo,player1_odds,player1_latest_win,player2_name,player2_country,player2_height,player2_weight,player2_age,player2_current_rank,player2_highest_rank,player2_year_total_win,player2_year_total_lose,player2_year_surface_win,player2_year_surface_lose,player2_career_total_win,player2_career_total_lose,player2_career_surface_win,player2_career_surface_lose,player2_roi,player2_H2H,player2_elo,player2_odds,player2_latest_win
2012680,2021-12-24-12-40,Seoul WTA,wta,quarterfinal,hard,2,0.0,0,Arianne Hartono,Netherlands,-,-,25,197,196,51,28,14,5,142,89,60,31,1.55,0,1503,2.12,7,Anastasia Kulikova,Finland,-,-,21,274,273,57,20,50,17,174,73,91,43,2.81,0,-,1.75,7
2012772,2021-12-24-11-10,Seoul WTA,wta,quarterfinal,hard,1,0.0,0,Ekaterina Kazionova,Russia,-,-,22,356,355,26,25,2,5,183,135,49,42,-8.37,0,-,5.41,6,Linda Fruhvirtova,Czech Republic,-,-,16,305,298,27,7,18,4,49,31,25,7,6.88,0,1416,1.17,8
2012766,2021-12-24-15-20,Seoul WTA,wta,quarterfinal,hard,2,1.59,0.74,Isabella Shinikova,Bulgaria,184,56,30,226,133,31,28,17,11,539,338,133,57,0.69,0,1472,2.14,7,Lin Zhu,China,173,64,27,142,69,10,14,9,10,343,229,293,175,-8.16,0,1612,1.74,5
2012782,2021-12-24-16-20,Seoul WTA,wta,quarterfinal,hard,1,0,0,Kristina Mladenovic,France,184,60,28,98,10,27,29,10,13,395,342,144,168,-5.54,0,1702,1.27,6,Yuki Naito,Japan,-,-,20,262,169,10,10,4,4,95,56,27,27,0.22,0,1308,3.89,3
