match_id,time_stamp,title,tour,round,surface,winner,predict,prediction_roi,player1_name,player1_country,player1_height,player1_weight,player1_age,player1_current_rank,player1_highest_rank,player1_year_total_win,player1_year_total_lose,player1_year_surface_win,player1_year_surface_lose,player1_career_total_win,player1_career_total_lose,player1_career_surface_win,player1_career_surface_lose,player1_roi,player1_H2H,player1_elo,player1_odds,player1_latest_win,player2_name,player2_country,player2_height,player2_weight,player2_age,player2_current_rank,player2_highest_rank,player2_year_total_win,player2_year_total_lose,player2_year_surface_win,player2_year_surface_lose,player2_career_total_win,player2_career_total_lose,player2_career_surface_win,player2_career_surface_lose,player2_roi,player2_H2H,player2_elo,player2_odds,player2_latest_win
2007237,2021-12-08-20-40,Angers WTA,wta,1. round,indoors,2,1.7,0.39,Stefanie Voegele,Switzerland,170,60,31,147,42,18,24,2,7,508,419,126,70,-12.37,0,-,3.23,3,Vera Zvonareva,Russia,172,59,37,87,2,23,14,3,1,558,285,85,55,-2.7,1,-,1.39,5
2007234,2021-12-08-22-30,Angers WTA,wta,1. round,indoors,1,0.0,0,Mallaurie Noel,France,-,-,27,449,449,24,23,11,5,166,154,61,44,-2.91,0,-,2.03,6,Ankita Raina,India,163,57,28,188,160,11,18,1,3,322,274,6,13,-2.53,0,-,1.87,3
2007235,2021-12-09-01-30,Angers WTA,wta,1. round,indoors,1,1.89,-1,Polona Hercog,Slovenia,185,70,30,138,35,14,22,0,2,458,312,18,20,-13.33,0,-,2.98,3,Oceane Dodin,France,183,59,25,90,46,43,31,19,11,324,196,159,71,-9.57,0,-,1.44,7
2008133,2021-12-09-03-10,Angers WTA,wta,round of 16,indoors,1,0.0,0,Kristina Mladenovic,France,184,60,28,93,10,23,27,4,3,391,340,97,54,-4.38,1,-,1.53,6,Jessika Ponchet,France,-,-,25,204,169,28,17,5,4,252,183,67,48,-3.61,0,-,2.66,5
2008102,2021-12-09-19-30,Angers WTA,wta,round of 16,indoors,1,1.0,1.59,(1998) Yuan Yue,China,-,-,23,293,205,22,16,13,3,143,106,14,4,11.1,0,-,2.59,8,Greetje Minnen,Belgium,175,68,24,75,69,37,24,5,4,255,134,46,24,-5.27,0,-,1.56,5
