match_id,time_stamp,title,tour,round,surface,predict,winner,prediction_roi,player1_name,player1_country,player1_height,player1_weight,player1_age,player1_current_rank,player1_highest_rank,player1_year_total_win,player1_year_total_lose,player1_year_surface_win,player1_year_surface_lose,player1_career_total_win,player1_career_total_lose,player1_career_surface_win,player1_career_surface_lose,player1_roi,player1_H2H,player1_elo,player1_odds,player2_name,player2_country,player2_height,player2_weight,player2_age,player2_current_rank,player2_highest_rank,player2_year_total_win,player2_year_total_lose,player2_year_surface_win,player2_year_surface_lose,player2_career_total_win,player2_career_total_lose,player2_career_surface_win,player2_career_surface_lose,player2_roi,player2_H2H,player2_elo,player2_odds
1974976,2021-08-31-01-10,US Open,atp,hard,hard,1.57,1,-1.0,Henri Laaksonen,Switzerland,185,78,29,130,93,28,18,6,4,417,334,94,79,11.96,0,1635,2.51,John Millman,Australia,183,79,32,43,33,14,19,5,7,435,289,257,154,-2.58,1,1732,1.6
1974977,2021-08-31-01-10,US Open,atp,hard,hard,1.7,1,-1.0,Peter Gojowczyk,Germany,188,83,32,141,39,28,20,6,3,583,431,183,131,4.15,0,1625,4.62,Ugo Humbert,France,188,73,23,26,25,19,17,6,6,225,138,95,46,-1.85,0,1872,1.24
1974978,2021-08-31-02-30,US Open,atp,hard,hard,1.34,1,0.03,Andrey Rublev,Russia,188,70,23,7,7,41,14,20,7,326,184,120,66,3.58,0,1995,1.03,Ivo Karlovic,Croatia,211,104,42,221,14,6,7,5,4,573,475,272,214,0.36,0,1608,17.38
1974722,2021-08-31-01-10,US Open,atp,hard,hard,1.63,2,0.31,Moura Monteiro Thiago,Brazil,183,78,27,93,74,14,19,8,6,380,283,66,59,-8.08,0,1604,3.87,Daniel Evans,Great Britain,175,75,31,27,25,19,17,7,8,534,322,230,128,7.22,2,1808,1.31
1974709,2021-08-31-01-10,US Open,atp,hard,hard,1.8,1,-1.0,Dusan Lajovic,Serbia,183,83,31,40,23,15,21,7,8,507,386,98,82,0.27,1,1701,2.43,Benoit Paire,France,196,80,32,49,18,13,27,6,10,543,439,135,126,-6.11,2,1656,1.63
1974715,2021-08-31-01-10,US Open,atp,hard,hard,1.7,1,-1.0,Facundo Bagnis,Argentina,183,82,31,80,55,32,19,0,3,570,389,28,43,3.66,0,1607,2.41,Taro Daniel,Japan,191,80,28,109,64,25,18,2,4,502,320,133,103,-5.13,4,1625,1.64
1974719,2021-08-31-01-10,US Open,atp,hard,hard,1.52,2,0.14,Ricardas Berankis,Lithuania,175,77,31,96,50,16,16,9,7,544,344,233,150,-3.02,0,1714,6.77,Diego Schwartzman,Argentina,170,64,29,14,8,23,15,10,7,561,322,79,73,-8.14,0,1858,1.14
1974975,2021-08-31-01-10,US Open,atp,hard,hard,1.76,2,0.06,Evgeny Donskoy,Russia,185,75,31,152,65,13,20,6,5,464,377,207,131,-1.45,0,1515,11.73,Felix Auger Aliassime,Canada,193,88,21,15,15,28,18,14,8,215,130,70,51,3.15,0,1812,1.06
1974974,2021-08-31-01-10,US Open,atp,hard,hard,1.97,2,0.63,Feliciano Lopez,Spain,188,88,39,97,12,12,20,5,9,613,565,260,234,-8.12,0,1664,2.44,Bernabe Zapata Miralles,Spain,183,82,24,116,110,39,21,5,4,346,233,63,52,1.88,0,1669,1.63
1974665,2021-08-31-03-00,US Open,wta,hard,hard,1.44,2,-1.0,Sara Errani,Italy,164,58,34,112,5,16,19,6,8,611,428,215,167,4.83,1,1635,4.63,Ekaterina Alexandrova,Russia,180,66,26,34,25,19,17,9,8,373,213,64,50,-1.77,0,1864,1.23
1974718,2021-08-31-01-10,US Open,atp,hard,hard,1.35,2,-1.0,Jiri Vesely,Czech Republic,198,94,28,90,35,13,19,4,4,397,271,95,74,-11.16,3,1660,4.23,Kevin Anderson,RSA,203,94,35,77,5,14,12,4,6,582,341,351,176,-3.29,3,1812,1.27
1974969,2021-08-31-01-10,US Open,wta,hard,hard,2.0,1,-1.0,Annie Fernandez Leylah,Canada,158,48,18,73,66,15,15,11,8,103,67,62,35,-5.44,0,1738,2.22,Ana Konjuh,Croatia,174,65,23,88,20,37,18,15,6,207,124,70,49,5.93,1,1793,1.73
1974659,2021-08-31-02-05,US Open,wta,hard,hard,1.78,2,1.01,Madison Keys,USA,178,66,26,42,7,10,12,2,6,307,170,183,104,-3.47,2,1866,1.88,A. Stephens Sloane,USA,170,61,28,66,3,16,15,3,8,330,232,179,141,2.01,4,1768,2.01
1974669,2021-08-31-01-10,US Open,wta,hard,hard,1.24,2,-1.0,Donna Vekic,Croatia,179,64,25,57,19,11,11,7,7,298,223,176,114,2.29,1,1786,3.5,Garbine Muguruza,Spain,182,73,27,10,1,31,13,24,8,446,226,224,108,-1.98,1,2001,1.34
1974967,2021-08-31-01-10,US Open,wta,hard,hard,1.27,2,-1.0,Ann Li,USA,160,50,21,69,66,15,9,13,5,128,77,86,49,2.54,0,1776,1.41,Kristina Kucova,Slovakia,163,59,31,111,71,28,20,8,8,443,331,120,107,-0.93,0,1593,3.11
1974661,2021-08-31-01-10,US Open,wta,hard,hard,1.47,2,-1.0,Yulia Putintseva,Kazakhstan,163,59,26,33,27,21,18,9,9,335,256,150,134,-1.21,0,1819,1.48,Kaia Kanepi,Estonia,181,74,36,70,15,16,10,10,5,532,306,175,129,1.61,0,1798,2.82
1974657,2021-08-31-01-10,US Open,wta,hard,hard,1.54,2,1.07,Camila Giorgi,Italy,168,54,29,36,26,23,13,11,5,389,281,155,120,10.53,0,1919,1.83,Simona Halep,Romania,168,60,29,13,1,13,6,9,3,541,225,236,105,-2.83,1,1956,2.07
1976303,2021-08-31-05-00,US Open,atp,hard,hard,1.0,1,0.05,Casper Ruud,Norway,183,77,22,11,11,39,11,9,4,254,155,47,38,7.51,1,1907,1.05,Yuichi Sugita,Japan,175,72,32,131,36,7,13,3,4,533,376,331,230,-2.68,0,1542,13.83
1974983,2021-08-31-06-15,US Open,atp,hard,hard,1.36,1,0.38,Alex Molcan,Slovakia,178,73,23,138,136,48,17,6,2,193,112,47,23,14.55,0,1674,1.38,Cem Ilkel,Turkey,183,82,26,188,188,28,19,14,6,338,253,246,145,7.54,0,1500,3.31
1974980,2021-08-31-05-50,US Open,atp,hard,hard,1.28,1,6.19,Marco Trungelliti,Argentina,178,78,31,198,112,23,14,3,1,496,333,67,52,14.79,2,1545,7.19,Alejandro Davidovich Fokina,Spain,183,80,22,32,32,25,18,3,4,192,121,77,42,-1.26,0,1846,1.13
1974713,2021-08-31-04-50,US Open,atp,hard,hard,1.47,2,-1.0,Andy Murray,Great Britain,190,83,34,112,1,10,7,2,2,794,257,383,118,-1.51,0,1825,12.75,Stefanos Tsitsipas,Greece,193,89,23,3,3,48,14,21,6,370,178,153,85,0.08,0,2040,1.06
1974723,2021-08-31-02-40,US Open,atp,hard,hard,1.56,2,2.01,Marin Cilic,Croatia,198,89,32,36,3,22,16,6,8,653,349,247,137,-2.51,5,1818,1.44,Philipp Kohlschreiber,Germany,178,70,37,115,16,12,11,0,1,677,499,207,150,0.69,7,1757,3.01
1974660,2021-08-31-06-40,US Open,wta,hard,hard,1.61,2,0.3,Magda Linette,Poland,171,59,29,48,33,13,14,6,6,413,297,164,124,3.46,0,1747,3.81,Cori Gauff,USA,176,59,17,23,23,34,14,14,8,84,41,34,21,8.66,0,1942,1.3
1974963,2021-08-31-06-55,US Open,wta,hard,hard,1.23,1,0.24,Elina Svitolina,Ukraine,174,60,26,5,3,31,16,23,9,449,227,251,109,2.57,0,1962,1.24,Rebecca Marino,Canada,183,64,30,175,38,21,13,16,5,245,151,169,84,4.45,0,1622,4.53
1974666,2021-08-31-07-15,US Open,wta,hard,hard,1.21,1,0.15,Viktoria Azarenka,Belarus,180,60,32,19,1,19,7,9,4,565,215,326,112,-1.74,0,1968,1.15,Tereza Martincova,Czech Republic,179,64,26,60,60,33,20,16,7,396,296,104,76,-1.76,0,1749,6.2
1974971,2021-08-31-06-55,US Open,wta,hard,hard,1.21,1,0.13,Barbora Krejcikova,Czech Republic,178,62,25,9,9,39,12,21,8,360,182,73,55,11.27,0,1954,1.13,Astra Sharma,Australia,178,80,25,114,85,20,16,8,7,161,95,104,64,3.58,0,1577,6.82
1974966,2021-08-31-03-55,US Open,wta,hard,hard,1.4,1,0.6,Caroline Garcia,France,177,61,27,62,4,23,21,13,11,376,293,170,141,-8.3,1,1753,1.6,Harriet Dart,Great Britain,172,58,25,151,121,20,17,11,8,254,181,143,94,-0.05,0,1622,2.48
1974656,2021-08-31-04-40,US Open,wta,hard,hard,1.33,1,0.15,Elena Rybakina,Kazakhstan,184,73,22,20,17,25,17,13,11,196,93,73,40,-4.04,0,1879,1.15,Aliaksandra Sasnovich,Belarus,174,60,27,90,30,19,16,7,6,341,219,122,83,2.17,0,1711,6.29
1974674,2021-08-31-05-00,US Open,wta,hard,hard,1.03,1,1.13,Kaja Juvan,Slovenia,170,58,20,109,91,15,13,11,5,152,70,38,21,-2.13,0,1656,2.13,Heather Watson,Great Britain,170,64,29,64,38,10,16,6,9,369,283,180,149,-5.59,0,1633,1.79
1974668,2021-08-31-05-10,US Open,wta,hard,hard,1.91,1,-1.0,Andrea Petkovic,Germany,180,69,33,68,9,19,16,3,5,529,358,173,141,0.59,3,1757,2.2,Irina Begu,Romania,181,67,31,63,22,17,13,12,7,461,310,133,123,3.92,3,1764,1.74
1974658,2021-08-31-05-30,US Open,wta,hard,hard,1.71,1,-1.0,Angelique Kerber,Germany,173,68,33,17,1,23,12,8,6,681,357,349,174,8.9,0,1895,1.3,Dayana Yastremska,Ukraine,175,67,21,51,21,3,5,1,4,152,90,61,40,-2.26,1,1774,3.87
1974984,2021-08-31-06-40,US Open,atp,hard,hard,1.25,2,-1.0,Kamil Majchrzak,Poland,180,78,25,114,83,27,15,4,3,326,182,53,33,0.59,0,1635,3.1,Emil Ruusuvuori,Finland,188,79,22,66,66,24,21,19,10,188,95,80,30,-0.16,0,1732,1.43
1974717,2021-08-31-03-50,US Open,atp,hard,hard,1.22,2,-1.0,John Isner,USA,208,108,36,22,8,22,9,17,6,536,331,328,169,12.31,1,1882,1.54,Brandon Nakashima,USA,185,77,20,84,83,31,19,14,7,112,61,71,35,-1.14,1,1784,2.66
1974981,2021-08-31-04-05,US Open,atp,hard,hard,1.0,1,0.23,Marcos Giron,USA,180,77,28,64,64,22,18,10,8,337,200,261,142,6.82,1,1724,1.23,Antoine Hoang,France,183,76,25,150,98,22,25,4,1,309,217,57,45,-10.71,0,1528,4.79
1974708,2021-08-31-03-15,US Open,atp,hard,hard,1.27,1,0.37,Cristian Garin,Chile,185,85,25,19,18,18,14,0,4,332,211,40,39,-4.74,0,1772,1.37,Norbert Gombos,Slovakia,193,85,31,111,80,15,23,0,8,498,353,93,78,-9.17,0,1615,3.37
1974705,2021-08-31-03-15,US Open,atp,hard,hard,1.36,1,1.75,Pedro Martinez,Spain,185,76,24,75,73,25,19,2,3,356,193,46,31,1.58,0,1724,2.75,James Duckworth,Australia,183,82,29,68,67,21,17,10,7,364,228,208,129,12.53,0,1679,1.52
1974979,2021-08-31-03-45,US Open,atp,hard,hard,1.44,2,-1.0,Mikhail Kukushkin,Kazakhstan,183,72,33,129,39,9,18,7,6,548,405,194,134,-11.2,2,1628,1.5,Pablo Andujar,Spain,180,80,35,74,32,14,15,1,4,559,462,46,96,4.33,1,1642,2.81
1974982,2021-08-31-07-05,US Open,atp,hard,hard,0.0,1,0,De Van,Netherlands,188,83,25,117,117,41,19,11,3,262,134,22,10,3.07,0,-,1.32,Carlos Taberner,Spain,183,78,24,105,105,32,18,1,1,348,179,22,15,-1.52,0,1586,3.73
1974986,2021-08-31-09-35,US Open,atp,hard,hard,1.85,1,-1.0,Frances Tiafoe,USA,188,86,23,50,29,27,21,14,11,258,188,115,90,1.27,0,1789,1.2,Christopher Eubanks,USA,201,82,25,214,147,19,15,13,8,132,112,101,77,-2.13,0,1516,5.2
1974655,2021-08-31-10-30,US Open,wta,hard,hard,1.0,2,-1.0,Tsvetana Pironkova,Bulgaria,180,65,33,107,31,14,9,8,3,445,335,140,130,-3.91,1,1769,4.25,Darya Kasatkina,Russia,170,62,24,27,10,33,16,16,8,260,144,101,74,4.98,0,1913,1.26
1974675,2021-08-31-10-15,US Open,wta,hard,hard,1.0,2,-1.0,Bernarda Pera,USA,175,80,26,85,59,17,19,4,9,348,197,81,74,-6.52,2,1660,1.77,Tamara Zidansek,Slovenia,167,80,23,40,37,26,15,5,8,262,117,56,43,6.68,0,1754,2.16
1974667,2021-08-31-10-45,US Open,wta,hard,hard,1.78,1,-1.0,Jasmine Paolini,Italy,160,60,25,99,87,22,17,8,9,283,199,70,58,3.28,0,1627,1.18,Yaroslava Shvedova,Kazakhstan,180,68,33,452,25,2,12,1,9,393,301,169,141,-7.98,0,1621,5.55
1974964,2021-08-31-08-35,US Open,wta,hard,hard,0.0,1,0,Rebeka Masarova,Spain,186,71,22,231,230,39,8,26,5,131,52,38,10,10.9,0,-,2.2,Ana Bogdan,Romania,171,59,28,102,59,14,13,7,5,353,221,152,86,-0.11,0,1689,1.74
1974972,2021-08-31-09-30,US Open,wta,hard,hard,1.74,1,-1.0,Valentini Grammatikopoulou,Greece,164,58,24,234,158,28,21,10,4,344,222,137,65,0.82,0,1423,2.7,Anna Blinkova,Russia,179,70,22,84,54,15,20,5,10,198,134,79,58,-10.23,2,1618,1.52
1974711,2021-08-31-07-35,US Open,atp,hard,hard,1.2,2,-1.0,Miomir Kecmanovic,Serbia,183,75,22,63,38,12,19,6,9,203,131,86,57,-9.74,1,1697,1.75,Arthur Rinderknech,France,196,86,26,83,78,45,21,2,2,206,117,60,27,10.9,0,1763,2.21
1974985,2021-08-31-08-20,US Open,atp,hard,hard,1.71,1,-1.0,Dominik Koepfer,Germany,180,79,27,57,50,23,22,9,9,232,152,112,67,-1.55,0,1705,1.44,Quentin Halys,France,191,78,24,183,102,25,18,10,4,282,232,101,68,4.02,0,1538,3.03
1974721,2021-08-31-07-55,US Open,atp,hard,hard,1.68,1,-1.0,Alexei Popyrin,Australia,196,78,22,73,61,24,19,10,9,179,135,93,68,4.76,0,1676,1.25,Radu Albot,Moldavsko,175,69,31,108,39,11,20,3,7,542,400,230,134,2.82,0,1627,4.51
1974707,2021-08-31-12-55,US Open,atp,hard,hard,1.85,1,-1.0,Roberto Bautista-Agut,Spain,183,75,33,21,9,25,20,11,8,702,417,274,132,-3.16,1,1847,1.55,Nick Kyrgios,Australia,193,85,26,86,13,7,6,5,5,257,143,157,86,-1.5,1,1800,2.64