match_id,time_stamp,title,tour,round,surface,winner,predict,prediction_roi,player1_name,player1_country,player1_height,player1_weight,player1_age,player1_current_rank,player1_highest_rank,player1_year_total_win,player1_year_total_lose,player1_year_surface_win,player1_year_surface_lose,player1_career_total_win,player1_career_total_lose,player1_career_surface_win,player1_career_surface_lose,player1_roi,player1_H2H,player1_elo,player1_odds,player2_name,player2_country,player2_height,player2_weight,player2_age,player2_current_rank,player2_highest_rank,player2_year_total_win,player2_year_total_lose,player2_year_surface_win,player2_year_surface_lose,player2_career_total_win,player2_career_total_lose,player2_career_surface_win,player2_career_surface_lose,player2_roi,player2_H2H,player2_elo,player2_odds
1991167,2021-10-18-06-10,Indian Wells,wta,final,hard,1,1.6,-1,Paula Badosa,Spain,180,72,23,27,26,40,15,16,7,283,152,105,52,16.31,0,1888,2.20,Viktoria Azarenka,Belarus,180,60,32,32,1,28,8,18,5,574,216,335,113,-0.17,0,1978,1.75
1991626,2021-10-18-09-50,Indian Wells,atp,final,hard,1,1.47,0.6,Cameron Norrie,Great Britain,188,82,26,26,26,50,20,24,11,271,155,179,77,21.05,1,1886,1.6,Nikoloz Basilashvili,Georgia,185,79,29,36,16,34,24,18,10,441,351,195,152,20.28,0,1755,2.52
1991217,2021-10-18-19-30,Tenerife WTA,wta,1. round,hard,2,1.43,-1,Marta Kostyuk,Ukraine,171,60,19,53,53,21,15,8,8,131,67,51,26,-1.91,0,1762,1.77,Irina Begu,Romania,181,67,31,56,22,19,15,14,9,463,312,135,125,4.74,1,1777,2.15
1991357,2021-10-18-18-05,Moscow,wta,1. round,indoors,2,1.45,-1,Ludmilla Samsonova,Russia,180,67,22,42,42,34,20,3,1,241,142,51,27,8.65,0,-,1.65,Ajla Tomljanovic,Australia,180,67,28,43,39,27,21,0,0,346,262,13,15,3.65,0,-,2.35
