match_id,tour,title,surface,round,winner,prediction_roi,player1_name,player1_country,player1_height,player1_weight,player1_age,player1_current_rank,player1_highest_rank,player1_year_total_win,player1_year_total_lose,player1_year_surface_win,player1_year_surface_lose,player1_career_total_win,player1_career_total_lose,player1_career_surface_win,player1_career_surface_lose,player1_roi,player1_odds,player1_H2H,player1_elo,player2_name,player2_country,player2_height,player2_weight,player2_age,player2_current_rank,player2_highest_rank,player2_year_total_win,player2_year_total_lose,player2_year_surface_win,player2_year_surface_lose,player2_career_total_win,player2_career_total_lose,player2_career_surface_win,player2_career_surface_lose,player2_roi,player2_odds,player2_H2H,player2_elo
1965905,atp,Washington,hard,1. round,2,,Egor Gerasimov,Belarus,196,86,28,78,65,12,20,4,6,383,263,152,93,-7.91,2.89,3,1687,Ilya Ivashka,Belarus,193,84,27,65,63,27,14,4,3,317,199,167,95,3.89,1.47,4,1782
1966822,wta,San Jose WTA,hard,1. round,1,,Ana Konjuh,Croatia,174,65,23,116,20,32,16,10,4,202,122,65,47,6.42,1.70,1,1758,Marie Bouzkova,Czech Republic,180,61,23,52,46,13,14,10,7,260,146,173,74,-7.37,2.26,0,1734
1965909,atp,Washington,hard,1. round,1,,Elahi Galan Daniel,Colombia,191,72,25,113,103,24,20,5,4,277,215,78,66,1.89,3.45,1,-,Tommy Paul,USA,185,82,24,55,50,14,15,3,7,285,173,140,93,-5.3,1.35,3,1765
1966815,atp,Washington,hard,1. round,1,,Ricardas Berankis,Lithuania,175,77,31,86,50,12,13,5,4,540,341,229,147,-2.78,1.85,1,1715,Mitchell Krueger,USA,188,82,27,174,159,20,15,13,7,341,290,215,176,-1.72,2.05,0,1556
1966811,atp,Washington,hard,1. round,1,,Andreas Seppi,Italy,191,78,37,88,18,18,14,1,4,665,577,164,175,6.69,1.64,1,1660,Yasutaka Uchiyama,Japan,183,78,28,123,78,6,19,3,9,366,282,260,176,-12.26,2.38,0,1504
1966812,atp,Washington,hard,1. round,2,,Illya Marchenko,Ukraine,185,82,33,157,49,28,19,3,4,544,386,218,148,5.22,2.68,0,1593,Marcos Giron,USA,180,77,28,64,64,17,14,5,4,332,196,256,138,8.1,1.52,1,1748
1965910,atp,Washington,hard,1. round,2,,Kevin Anderson,RSA,203,94,35,75,5,12,11,2,5,580,340,349,175,-3.51,1.64,1,1830,Jenson Brooksby,USA,188,82,20,130,126,35,7,19,4,111,53,74,38,14.02,2.39,1,1824
1966807,wta,Concord WTA,hard,1. round,1,,Maitane Arconada Usue,USA,152,58,22,204,130,10,16,8,7,191,152,117,83,-10.31,2.23,2,-,Jamie Loeb,USA,168,61,26,192,132,18,16,3,3,226,186,141,109,-1.48,1.70,2,1383
1966345,wta,Cluj-Napoca WTA,clay,1. round,1,,Reka-Luca Jani,Hungary,161,58,30,194,147,27,20,20,12,531,298,442,218,2.21,2.74,2,-,Adina Cristian Jaqueline,Romania,-,-,23,149,140,17,16,9,9,220,153,109,77,2.63,1.50,2,-
1966341,wta,Cluj-Napoca WTA,clay,1. round,1,,Mihaela Buzarnescu,Romania,175,59,33,170,20,16,13,9,4,472,270,257,128,-0.6,1.60,3,1608,Viktoriya Tomova,Bulgaria,170,58,26,117,104,17,23,10,11,400,264,229,147,-12.42,2.45,0,1510
1966344,wta,Cluj-Napoca WTA,clay,1. round,2,,Gabriela Ruse Elena,Romania,-,-,23,107,107,22,11,20,8,220,121,143,73,1.56,1.31,0,-,Lesya Tsurenko,Ukraine,174,67,32,191,23,13,9,2,1,427,287,148,93,-3.18,3.80,1,-
1966343,wta,Cluj-Napoca WTA,clay,1. round,1,,Viktoria Kuzmova,Slovakia,180,61,23,156,43,9,12,4,5,272,148,87,51,-3.17,3.76,1,1559,Anna Schmiedlova Karolina,Slovakia,-,-,26,99,26,28,16,18,9,346,227,181,88,2.2,1.30,3,-
1966405,wta,Liberec challenger,clay,1. round,1,,Gerald Melzer,Austria,188,80,31,1150,68,12,5,12,5,437,288,386,224,-1.61,2.72,1,-,Andrej Martin,Slovakia,183,83,31,117,93,25,26,24,22,587,417,441,272,-7.95,1.46,2,1568
1965938,wta,San Jose WTA,hard,1. round,1,,Donna Vekic,Croatia,179,64,25,53,19,9,8,5,4,296,220,174,111,4.03,1.70,4,1771,Yulia Putintseva,Kazakhstan,163,59,26,35,27,18,15,6,6,332,253,147,131,-1.06,2.24,1,1815
1966801,wta,Concord WTA,hard,1. round,1,,Cristina Bucsa,Spain,180,63,23,166,154,23,18,5,4,227,132,66,32,2.0,2.27,1,1504,Christina McHale,USA,170,62,29,101,24,6,18,1,7,381,329,240,200,-8.76,1.70,0,-
1966821,wta,San Jose WTA,hard,1. round,1,,Magda Linette,Poland,171,59,29,45,33,9,10,2,2,409,293,160,120,4.44,1.33,1,1752,Lesley Pattinama Kerkhove,Netherlands,172,55,29,157,149,22,20,12,9,456,318,154,80,-0.98,3.60,1,-
1965939,wta,San Jose WTA,hard,1. round,1,,Petra Martic,Croatia,181,63,30,33,14,13,14,5,6,386,268,139,113,-4.1,2.52,3,1785,Anastasija Sevastova,Latvia,169,65,31,63,11,18,16,7,9,488,276,161,115,3.32,1.58,1,1808
1966803,wta,Concord WTA,hard,1. round,2,,Maddison Inglis,Australia,171,59,23,146,112,9,13,4,6,191,119,163,96,-2.66,3.20,0,1501,Madison Brengle,USA,174,60,31,78,35,16,15,5,5,512,383,312,206,0.12,1.40,1,1666
1966806,wta,Concord WTA,hard,1. round,2,,Lizette Cabrera,Australia,168,55,23,160,119,4,12,2,7,192,174,140,116,-8.96,3.98,0,1446,Beatriz Haddad Maia,Brazil,185,78,25,185,58,41,12,18,4,325,164,137,57,-3.03,1.29,3,-
1966802,wta,Concord WTA,hard,1. round,2,,Kurumi Nara,Japan,155,52,29,177,32,15,15,4,5,364,303,233,189,-5.04,2.06,0,1546,Lulu Sun,Switzerland,-,-,20,368,368,18,6,15,4,123,66,97,42,4.17,1.84,1,-
1966804,wta,Concord WTA,hard,1. round,2,,Sophia Whittle,USA,-,-,23,467,399,3,5,3,5,53,34,34,25,-2.47,4.22,0,-,Grace Min,USA,163,64,27,167,97,17,12,8,3,342,247,168,141,2.51,1.26,2,1496
1966800,wta,Concord WTA,hard,1. round,1,,Greetje Minnen,Belgium,175,68,23,111,103,25,15,10,6,242,124,122,55,-3.01,1.19,1,1675,Leonie Kung,Switzerland,173,57,20,163,144,12,22,5,7,173,132,90,45,-13.41,5.23,0,1380
1966342,wta,Cluj-Napoca WTA,clay,1. round,2,,Marina Melnikova,Russia,173,64,32,188,170,14,20,11,11,436,402,273,227,-10.67,4.60,0,1376,Kaja Juvan,Slovenia,170,58,20,114,91,15,11,2,5,152,68,98,32,-0.13,1.23,1,1653