match_id,tour,title,surface,round,winner,prediction_roi,player1_name,player1_country,player1_height,player1_weight,player1_age,player1_current_rank,player1_highest_rank,player1_year_total_win,player1_year_total_lose,player1_year_surface_win,player1_year_surface_lose,player1_career_total_win,player1_career_total_lose,player1_career_surface_win,player1_career_surface_lose,player1_roi,player1_odds,player1_H2H,player1_elo,player2_name,player2_country,player2_height,player2_weight,player2_age,player2_current_rank,player2_highest_rank,player2_year_total_win,player2_year_total_lose,player2_year_surface_win,player2_year_surface_lose,player2_career_total_win,player2_career_total_lose,player2_career_surface_win,player2_career_surface_lose,player2_roi,player2_odds,player2_H2H,player2_elo
1971505,atp,Cincinnati,hard,2. round,2,-1,Lloyd Harris,RSA,193,80,24,46,46,23,17,17,8,304,148,228,83,7.06,3.68,0,1800,Alexander Zverev,Germany,198,90,24,5,3,34,11,16,4,381,207,143,79,5.69,1.33,2,2049
1971745,atp,Cincinnati,hard,2. round,2,-1,Alexander Bublik,Kazakhstan,198,77,24,38,37,28,22,13,10,269,180,116,73,5.27,2.20,2,1793,Grigor Dimitrov,Bulgaria,191,81,30,21,3,14,12,10,6,508,306,207,126,-1.01,1.75,1,1809
1971508,atp,Cincinnati,hard,2. round,2,1.33,Karen Khachanov,Russia,198,87,25,30,8,28,18,15,7,316,217,117,74,-1.55,1.68,1,1894,Felix Auger Aliassime,Canada,193,88,21,17,15,27,17,13,7,214,129,69,50,2.76,2.33,1,1812
1971485,atp,Cincinnati,hard,2. round,2,-1,Dominik Koepfer,Germany,180,79,27,59,50,22,21,8,8,231,151,111,66,-0.95,4.12,0,1705,Pablo Carreno-Busta,Spain,188,78,30,13,10,29,10,10,4,549,291,149,75,7.37,1.28,3,1959
1971503,atp,Cincinnati,hard,2. round,2,-1,Albert Ramos-Vinolas,Spain,188,76,33,49,17,22,21,2,5,683,509,93,102,-0.6,5.87,0,1691,Matteo Berrettini,Italy,196,95,25,8,8,33,7,9,2,284,134,109,51,5.24,1.17,1,1961
1971008,atp,Cincinnati,hard,1. round,2,0.74,Cristian Garin,Chile,185,85,25,20,18,18,14,0,4,332,211,40,39,-4.74,2.22,1,1772,Tommy Paul,USA,185,82,24,56,50,20,17,9,9,291,175,146,95,-3.81,1.74,1,1752
1970289,atp,Cincinnati,hard,1. round,2,1.53,Ugo Humbert,France,188,73,23,29,25,19,17,6,6,225,138,95,46,-1.85,1.59,1,1872,Frances Tiafoe,USA,188,86,23,51,29,25,20,12,10,256,187,113,89,1.33,2.53,2,1789
1971010,atp,Cincinnati,hard,2. round,1,3.29,Benoit Paire,France,196,80,32,50,18,11,25,4,8,541,437,133,124,-7.08,4.29,3,1656,Denis Shapovalov,Canada,185,75,22,10,10,22,17,7,8,228,140,93,58,-6.91,1.26,1,1852
1970284,atp,Cincinnati,hard,1. round,1,0.68,Gael Monfils,France,193,85,34,22,6,7,11,4,4,607,338,224,130,-2.5,1.68,2,1749,Dusan Lajovic,Serbia,183,83,31,41,23,15,21,7,8,507,386,98,82,0.27,2.32,0,1701
1970269,wta,Cincinnati WTA,hard,1. round,1,0.48,Ons Jabeur,Tunis,167,66,26,22,22,38,14,15,8,355,200,124,96,5.17,1.48,2,1941,Anett Kontaveit,Estonia,174,65,25,29,14,19,13,10,8,352,181,138,84,-2.44,2.83,1,1918
1971777,atp,Cincinnati,hard,2. round,1,-1,Lorenzo Sonego,Italy,191,76,26,27,25,24,16,7,7,311,191,45,39,4.43,1.85,1,1777,Tommy Paul,USA,185,82,24,56,50,20,17,9,9,291,175,146,95,-3.81,2.06,2,1752
1971774,wta,Cincinnati WTA,hard,2. round,1,0.5,Belinda Bencic,Switzerland,175,63,24,11,4,25,14,15,6,330,175,156,85,7.14,1.50,4,1916,Shelby Rogers,USA,175,70,28,43,40,20,18,11,8,274,220,149,110,-3.62,2.80,1,1800
1971757,atp,Cincinnati,hard,2. round,2,-1,Marin Cilic,Croatia,198,89,32,39,3,22,15,6,7,653,348,247,136,-1.51,3.94,1,1818,Andrey Rublev,Russia,188,70,23,7,7,38,13,17,6,323,183,117,65,0.68,1.30,5,1995
1971764,atp,Cincinnati,hard,2. round,2,-1,Jannik Sinner,Italy,188,76,20,15,15,30,18,18,8,151,85,45,28,-5.14,1.70,0,1914,John Isner,USA,208,108,36,26,8,22,8,17,5,536,330,328,168,13.31,2.29,1,1882
1971012,wta,Cincinnati WTA,hard,1. round,1,0.71,Jessica Pegula,USA,170,70,27,30,25,32,15,22,8,313,196,167,93,8.93,1.71,4,1896,Camila Giorgi,Italy,168,54,29,71,26,23,13,11,5,389,281,155,120,10.53,2.25,2,1842
1971509,atp,Cincinnati,hard,2. round,1,,Daniil Medvedev,Russia,198,83,25,2,2,38,9,22,3,362,161,144,52,-0.28,1.16,5,2099,Mackenzie McDonald,USA,178,73,26,64,57,38,20,13,10,243,169,162,108,7.25,6.16,0,1745
1971768,atp,Cincinnati,hard,2. round,1,0.68,Casper Ruud,Norway,183,77,22,11,11,38,10,8,3,253,154,46,37,7.7,1.68,2,1907,Reilly Opelka,USA,211,102,23,23,23,16,16,10,9,194,148,90,74,3.05,2.33,1,1833
1971527,wta,Chicago WTA,hard,1. round,1,1.23,Jule Niemeier,Germany,-,-,22,150,140,36,14,2,2,133,70,7,7,6.23,2.23,1,1598,Greetje Minnen,Belgium,175,68,24,113,103,29,18,14,9,246,127,126,58,-4.28,1.72,0,1659
1971759,wta,Cincinnati WTA,hard,2. round,1,-1,Elena Rybakina,Kazakhstan,184,73,22,19,17,25,16,13,10,196,92,73,39,-3.04,1.85,2,1899,Elise Mertens,Belgium,179,67,25,16,12,27,15,16,7,360,192,198,87,-1.87,2.06,1,1961
1971531,wta,Cincinnati WTA,hard,2. round,1,-1,Angelique Kerber,Germany,173,68,33,21,1,21,11,6,5,679,356,347,173,8.11,2.22,6,1895,Elina Svitolina,Ukraine,174,60,26,5,3,26,16,18,9,444,227,246,109,1.31,1.74,9,1976
1971683,wta,Cincinnati WTA,hard,2. round,2,-1,Bernarda Pera,USA,175,80,26,83,59,17,18,4,8,348,196,81,73,-5.52,2.33,0,1681,Belen Teichmann Jil,Switzerland,170,80,24,65,40,15,13,12,7,229,159,60,55,1.59,1.68,1,1750
1971742,wta,Cincinnati WTA,hard,2. round,2,-1,Vanessa Andreescu Bianca,Canada,170,60,21,8,4,13,9,10,5,155,61,102,30,-2.39,2.01,0,1916,Karolina Muchova,Czech Republic,180,80,24,23,19,19,7,10,2,251,122,75,34,7.96,1.89,1,1908
1971763,wta,Cincinnati WTA,hard,2. round,2,-1,Veronika Kudermetova,Russia,175,63,24,33,28,28,18,12,10,266,178,128,83,0.11,2.22,0,1870,Petra Kvitova,Czech Republic,183,70,31,12,2,23,13,12,7,601,259,258,129,-3.97,1.74,2,1966
1971758,wta,Cincinnati WTA,hard,2. round,1,0.65,Naomi Osaka,Japan,180,69,23,2,1,17,5,15,3,270,146,183,89,-2.22,1.65,2,2121,Cori Gauff,USA,176,59,17,24,23,34,14,14,8,84,41,34,21,8.66,2.39,1,1945
1971504,wta,Cincinnati WTA,hard,2. round,1,0.15,Ashleigh Barty,Australia,166,62,25,1,1,36,8,15,4,301,107,158,55,5.42,1.15,1,2156,Heather Watson,Great Britain,170,64,29,67,38,10,15,6,8,369,282,180,148,-4.59,6.35,0,1637
1971773,wta,Cincinnati WTA,hard,2. round,2,-1,Alison Riske,USA,175,66,31,37,18,4,10,2,5,383,310,196,173,-2.61,5.70,0,1771,Viktoria Azarenka,Belarus,180,60,32,15,1,19,6,9,3,565,214,326,111,-0.74,1.18,1,1960
1971532,wta,Cincinnati WTA,hard,2. round,2,1.52,Jennifer Brady,USA,178,68,26,14,13,15,10,10,7,263,172,193,108,-3.63,1.59,2,1933,Jelena Ostapenko,Latvia,177,68,24,32,5,22,14,8,7,287,177,78,75,0.28,2.52,2,1868
1971506,wta,Cincinnati WTA,hard,2. round,1,2.1,Paula Badosa,Spain,180,72,23,31,29,32,12,9,5,275,149,98,50,12.99,3.10,1,1872,Aryna Sabalenka,Belarus,182,80,23,3,3,38,14,18,8,272,135,156,62,-0.28,1.43,0,2039
1971002,wta,Cincinnati WTA,hard,1. round,1,0.31,Veronika Kudermetova,Russia,175,63,24,33,28,28,18,12,10,266,178,128,83,0.11,1.31,3,1870,Jasmine Paolini,Italy,160,60,25,98,87,21,16,7,8,282,198,69,57,3.55,3.74,1,1627
1970276,wta,Cincinnati WTA,hard,1. round,1,1.12,Belinda Bencic,Switzerland,175,63,24,11,4,25,14,15,6,330,175,156,85,7.14,2.12,3,1916,Marketa Vondrousova,Czech Republic,172,59,22,42,14,19,14,14,7,195,84,61,34,3.32,1.79,1,1869
1971001,wta,Cincinnati WTA,hard,1. round,2,-1,Ludmilla Samsonova,Russia,180,67,22,52,52,29,17,13,7,236,139,58,34,7.64,2.37,1,1819,Viktoria Azarenka,Belarus,180,60,32,15,1,19,6,9,3,565,214,326,111,-0.74,1.65,1,1960
1971482,wta,Chicago WTA,hard,round of 16,2,-1,Anna Kalinskaya,Russia,175,68,22,135,96,14,16,8,7,191,116,89,41,-4.82,2.35,0,1670,Claire Liu,USA,-,-,21,105,105,36,13,14,7,166,102,89,64,8.37,1.65,1,1618
1971744,wta,Chicago WTA,hard,round of 16,2,-1,Varvara Gracheva,Russia,-,-,21,89,86,12,20,5,7,161,91,32,29,-9.16,2.31,0,1536,Storm Sanders,Australia,166,59,27,139,134,25,12,10,5,185,155,122,105,13.79,1.68,1,1624
1971040,wta,Chicago WTA,hard,1. round,2,0.26,Nuria Parrizas-Diaz,Spain,-,-,30,111,109,45,13,20,3,477,290,329,163,17.88,4.23,0,1534,Amanda Anisimova,USA,180,59,19,86,21,14,12,8,4,103,62,61,38,-7.13,1.26,1,1774
1971440,atp,Cincinnati,hard,2. round,1,-1,Guido Pella,Argentina,183,79,31,93,20,5,13,3,2,499,331,78,77,-2.69,3.77,3,1682,Fabio Fognini,Italy,178,79,34,36,9,21,19,11,9,610,456,132,132,-0.32,1.32,4,1805
1971746,atp,Cincinnati,hard,2. round,2,-1,Andy Murray,Great Britain,190,83,34,105,1,9,6,1,1,793,256,382,117,-0.64,3.70,0,1825,Hubert Hurkacz,Poland,196,81,24,12,11,24,14,17,5,263,164,126,57,13.31,1.33,1,1859
1970264,wta,Cincinnati WTA,hard,1. round,2,0.56,Caty McNally,USA,167,51,19,136,105,16,16,7,8,91,66,47,38,-3.31,2.58,0,1589,Dayana Yastremska,Ukraine,175,67,21,50,21,3,5,1,4,152,90,61,40,-2.26,1.56,1,1792
1971000,wta,Cincinnati WTA,hard,1. round,1,1.24,Caroline Garcia,France,177,61,27,63,4,22,20,12,10,375,292,169,140,-7.41,2.24,4,1748,A. Stephens Sloane,USA,170,61,28,62,3,16,15,3,8,330,232,179,141,2.01,1.71,1,1760
