match_id,tour,title,surface,round,winner,prediction_roi,player1_name,player1_country,player1_height,player1_weight,player1_age,player1_current_rank,player1_highest_rank,player1_year_total_win,player1_year_total_lose,player1_year_surface_win,player1_year_surface_lose,player1_career_total_win,player1_career_total_lose,player1_career_surface_win,player1_career_surface_lose,player1_roi,player1_odds,player1_H2H,player1_elo,player2_name,player2_country,player2_height,player2_weight,player2_age,player2_current_rank,player2_highest_rank,player2_year_total_win,player2_year_total_lose,player2_year_surface_win,player2_year_surface_lose,player2_career_total_win,player2_career_total_lose,player2_career_surface_win,player2_career_surface_lose,player2_roi,player2_odds,player2_H2H,player2_elo
1967297,atp,Washington,hard,2. round,1,,Ricardas Berankis,Lithuania,175,77,31,86,50,13,13,6,4,541,341,230,147,-1.34,2.51,1,1715,Miomir Kecmanovic,Serbia,183,75,21,59,38,12,17,6,7,203,129,86,55,-7.74,1.60,0,1719
1967307,atp,Washington,hard,2. round,1,,Kei Nishikori,Japan,178,73,31,67,4,20,14,9,6,569,258,282,130,5.09,1.53,1,1831,Alexander Bublik,Kazakhstan,198,77,24,39,37,26,20,11,8,267,178,114,71,5.92,2.71,0,1798
1967954,atp,Washington,hard,2. round,1,,Steve Johnson,USA,188,86,31,81,21,8,10,5,5,343,261,217,153,3.52,2.75,3,1682,Alex De Minaur,Australia,183,69,22,18,15,20,15,7,6,229,127,107,54,-6.96,1.51,2,1844
1965906,atp,Washington,hard,1. round,2,,Nick Kyrgios,Australia,193,85,26,77,13,7,5,5,4,257,142,157,85,-0.5,1.48,0,-,Mackenzie McDonald,USA,178,73,26,107,57,34,17,9,7,239,166,158,105,5.38,2.84,1,1705
1967951,atp,Washington,hard,2. round,2,,Daniel Evans,Great Britain,175,75,31,27,25,18,14,6,5,533,319,229,125,9.84,2.37,0,1833,Brandon Nakashima,USA,185,77,20,89,89,31,17,14,5,112,59,71,33,0.86,1.66,1,1722
1967303,atp,Washington,hard,2. round,2,,Frances Tiafoe,USA,188,86,23,53,29,21,17,8,7,252,184,109,86,-0.28,1.81,0,1789,Jenson Brooksby,USA,188,82,20,130,126,36,7,20,4,112,53,75,38,15.03,2.12,1,1824
1967950,atp,Washington,hard,2. round,1,,Denis Kudla,USA,180,79,28,103,53,28,18,11,6,438,318,192,151,2.34,3.39,3,1674,Harry Fritz Taylor,USA,193,86,23,42,24,20,14,14,8,255,176,161,93,1.19,1.37,1,-
1967957,atp,Washington,hard,2. round,1,,John Millman,Australia,183,79,32,43,33,12,17,3,5,433,287,255,152,-2.86,1.71,1,1714,Elias Ymer,Sweden,183,79,25,168,105,27,18,7,5,292,219,49,54,5.34,2.27,0,1579
1967298,atp,Washington,hard,2. round,1,,Reilly Opelka,USA,211,102,23,36,31,10,13,4,6,188,145,84,71,-2.06,1.40,1,1757,Elahi Galan Daniel,Colombia,191,72,25,113,103,24,21,5,5,277,216,78,67,0.89,3.24,0,-
1967949,atp,Washington,hard,2. round,1,,Lloyd Harris,RSA,193,80,24,50,50,19,14,13,5,300,145,224,80,5.98,1.48,1,1807,Tennys Sandgren,USA,188,88,30,83,41,7,16,3,6,401,278,220,150,-9.47,2.87,0,1632
1967952,atp,Washington,hard,2. round,2,,Emil Ruusuvuori,Finland,188,79,22,69,69,18,18,13,7,182,92,74,27,-0.89,2.37,1,1702,Jannik Sinner,Italy,188,76,19,24,17,25,16,13,6,146,83,40,26,-5.2,1.66,2,1910
1967386,wta,Cluj-Napoca WTA,clay,round of 16,1,,Anna Schmiedlova Karolina,Slovakia,-,-,26,99,26,30,16,20,9,348,227,183,88,3.24,1.80,2,-,Kaja Juvan,Slovenia,170,58,20,114,91,15,12,2,6,152,69,98,33,-1.13,2.13,0,1653
1967789,wta,Concord WTA,hard,round of 16,1,,Su-Wei Hsieh,Taipei (CHN),169,57,35,75,23,8,10,7,3,494,340,339,210,3.27,1.88,1,-,Beatriz Haddad Maia,Brazil,185,78,25,185,58,41,13,18,5,325,165,137,58,-4.03,2.01,0,-
1967304,atp,Washington,hard,2. round,2,,Grigor Dimitrov,Bulgaria,191,81,30,21,3,12,11,8,5,506,305,205,125,-2.35,2.37,1,1830,Ilya Ivashka,Belarus,193,84,27,65,63,28,14,5,3,318,199,168,95,4.52,1.66,1,1782
1967675,wta,Concord WTA,hard,round of 16,2,,Maitane Arconada Usue,USA,152,58,22,204,130,11,17,9,8,192,153,118,84,-10.09,2.98,0,-,Cristina Bucsa,Spain,180,63,23,166,154,24,18,6,4,228,132,67,32,2.46,1.44,1,1504
1967302,wta,Concord WTA,hard,round of 16,1,,Madison Brengle,USA,174,60,31,78,35,17,15,6,5,513,383,313,206,0.55,1.49,1,1666,Lulu Sun,Switzerland,-,-,20,368,368,18,7,15,5,123,67,97,43,3.17,2.81,0,-
1967364,wta,San Jose WTA,hard,round of 16,1,,Darya Kasatkina,Russia,170,62,24,31,10,28,12,11,4,255,140,96,70,5.85,1.51,1,1901,Caroline Garcia,France,177,61,27,68,4,17,18,7,8,370,290,164,138,-7.96,2.76,1,1761
1967681,wta,Concord WTA,hard,round of 16,1,,Mariam Bolkvadze,Georgia,-,-,23,176,152,22,15,20,7,236,145,149,78,1.05,3.90,1,1509,Greetje Minnen,Belgium,175,68,23,111,103,25,16,10,7,242,125,122,56,-4.01,1.29,0,1675
1967547,wta,Cluj-Napoca WTA,clay,round of 16,1,,Alexandra Krunic,Serbia,163,53,28,268,39,19,10,15,6,340,248,159,96,1.7,2.57,3,-,Ana Bogdan,Romania,171,59,28,102,59,11,12,7,6,350,220,150,90,-0.5,1.57,1,1688
1967679,wta,Cluj-Napoca WTA,clay,round of 16,1,,Andrea Petkovic,Germany,180,69,33,91,9,15,15,11,8,525,357,224,114,-0.78,1.60,1,1720,Adina Cristian Jaqueline,Romania,-,-,23,149,140,18,17,10,10,221,154,110,78,2.08,2.50,0,-
1967674,wta,Cluj-Napoca WTA,clay,round of 16,2,,Lesya Tsurenko,Ukraine,174,67,32,191,23,13,10,2,2,427,288,148,94,-4.18,1.40,0,-,Seone Mendez,Australia,-,-,22,269,264,25,12,22,9,209,122,173,79,2.75,3.22,1,1357
1966369,wta,San Jose WTA,hard,1. round,1,,A. Stephens Sloane,USA,170,61,28,67,3,15,12,2,5,329,229,178,138,4.37,1.53,2,-,Caty McNally,USA,167,51,19,134,105,14,14,5,6,89,64,45,36,-2.02,2.66,0,-
1965937,wta,San Jose WTA,hard,1. round,1,,Ajla Tomljanovic,Australia,180,67,28,50,39,22,16,6,7,341,257,182,139,3.87,2.03,2,1775,Amanda Anisimova,USA,180,59,19,84,21,9,11,3,3,98,61,56,37,-7.76,1.86,1,1793
1965972,wta,San Jose WTA,hard,1. round,2,,Shelby Rogers,USA,175,70,28,43,40,19,16,10,6,273,218,148,108,-3.08,2.17,0,1812,Danielle Collins,USA,178,64,27,36,23,23,9,11,5,175,112,102,72,3.9,1.76,1,-
1967300,wta,San Jose WTA,hard,round of 16,1,,Magda Linette,Poland,171,59,29,45,33,10,10,3,2,410,293,161,120,5.3,1.88,3,1752,Petra Martic,Croatia,181,63,30,33,14,13,15,5,7,386,269,139,114,-5.1,2.03,0,1785