match_id,time_stamp,title,tour,round,surface,winner,predict,prediction_roi,player1_name,player1_country,player1_height,player1_weight,player1_age,player1_current_rank,player1_highest_rank,player1_year_total_win,player1_year_total_lose,player1_year_surface_win,player1_year_surface_lose,player1_career_total_win,player1_career_total_lose,player1_career_surface_win,player1_career_surface_lose,player1_roi,player1_H2H,player1_elo,player1_odds,player1_latest_win,player2_name,player2_country,player2_height,player2_weight,player2_age,player2_current_rank,player2_highest_rank,player2_year_total_win,player2_year_total_lose,player2_year_surface_win,player2_year_surface_lose,player2_career_total_win,player2_career_total_lose,player2_career_surface_win,player2_career_surface_lose,player2_roi,player2_H2H,player2_elo,player2_odds,player2_latest_win
1998218,2021-11-06-20-00,Stockholm,atp,Qualification - round of 16,indoors,1,1.0,0.28,Jozef Kovalik,Slovakia,183,82,29,135,80,29,26,3,2,454,309,25,39,-3.48,1,-,1.28,6,Danilo Petrovic,Serbia,203,86,29,293,137,7,24,0,2,427,306,50,48,-17.45,0,-,3.78,2
1998183,2021-11-06-21-45,Eckental challenger,atp,semifinal,indoors,2,1.48,-1,Marc-Andrea Huesler,Switzerland,196,88,25,186,142,29,31,11,7,203,168,63,50,-11.2,0,-,1.78,6,Daniel Masur,Germany,183,78,27,241,202,26,26,18,11,317,237,106,72,-5.08,0,-,2.09,4
1998161,2021-11-06-20-00,Eckental challenger,atp,semifinal,indoors,2,1.57,0.85,Tomas Machac,Czech Republic,183,73,21,134,134,27,18,14,6,130,70,63,29,-4.61,0,-,2.00,6,Maxime Cressy,USA,201,88,24,133,133,29,27,9,6,153,99,52,24,-0.74,0,-,1.85,8
1998222,2021-11-06-22-00,Stockholm,atp,Qualification - round of 16,indoors,2,1.8,0.45,Raul Brancaccio,Italy,183,72,24,308,270,50,24,2,1,264,171,23,19,2.11,0,-,2.78,6,Pavel Kotov,Russia,191,86,22,272,245,20,21,8,6,170,107,67,40,-2.22,0,-,1.45,4
1998219,2021-11-06-20-00,Stockholm,atp,Qualification - round of 16,indoors,2,1.8,0.09,Simon Freund,Sweden,178,72,25,780,677,9,14,3,4,73,57,11,11,-11.16,0,-,7.76,5,Nino Serdarusic,Croatia,191,85,24,242,192,26,32,1,6,286,229,28,40,-10.03,0,-,1.09,2
1998189,2021-11-06-22-10,Linz,wta,Qualification - round of 16,indoors,1,1.2,0.12,Adina Cristian Jaqueline,Romania,180,-,23,104,104,33,24,13,5,236,161,39,26,6.96,0,-,1.12,7,Irina Khromacheva,Russia,170,59,26,351,89,16,9,0,0,316,190,50,26,4.04,0,-,6.41,6
1998190,2021-11-06-21-25,Linz,wta,Qualification - round of 16,indoors,2,1.8,0.17,Mandy Minella,Luxembourg,180,63,35,240,66,13,17,1,3,587,455,81,69,0.02,0,-,5.11,4,Lesya Tsurenko,Ukraine,174,67,32,113,23,26,15,12,4,440,293,88,43,-4.97,1,-,1.17,7
1998194,2021-11-06-20-40,Linz,wta,Qualification - round of 16,indoors,1,1.0,0.36,Kateryna Kozlova,Ukraine,175,51,27,129,62,23,17,1,1,352,234,64,46,1.48,1,-,1.36,6,Viktoriya Tomova,Bulgaria,170,58,26,112,104,22,30,4,6,405,271,49,38,-13.57,2,-,3.19,4
1998193,2021-11-06-19-35,Linz,wta,Qualification - round of 16,indoors,1,1.2,0.36,Ana Bogdan,Romania,171,59,28,108,59,15,15,1,2,354,223,42,35,-1.93,0,-,1.36,5,Eva Lys,Germany,-,-,19,438,436,24,16,5,3,59,39,12,4,-0.13,0,-,3.22,7
1998242,2021-11-07-00-30,Paris - Masters,atp,semifinal,indoors,2,1.58,0.8,Alexander Zverev,Germany,198,90,24,4,3,55,13,9,1,402,209,72,36,8.2,5,-,2.14,9,Daniil Medvedev,Russia,198,83,25,2,2,53,11,8,1,377,163,120,52,1.33,4,-,1.80,9
1998185,2021-11-07-00-20,Tenerife challenger,atp,semifinal,hard,2,1.0,-1,Andrey Kuznetsov,Russia,185,71,30,281,39,36,19,14,4,387,235,61,43,3.05,0,1586,1.87,8,Feliciano Lopez,Spain,188,88,40,104,12,16,24,9,12,617,569,264,237,-9.3,3,1650,1.99,4
1998224,2021-11-07-00-30,Stockholm,atp,Qualification - round of 16,indoors,2,1.42,-1,Mohamed Safwat,Egypt,180,83,31,194,130,17,23,3,5,535,357,21,26,-9.13,0,-,1.56,6,Adrian Menendez-Maceiras,Spain,183,75,36,315,111,15,22,0,2,663,525,51,70,-10.03,1,-,2.46,2
1998223,2021-11-07-00-30,Stockholm,atp,Qualification - round of 16,indoors,1,2.0,-1,Egor Gerasimov,Belarus,196,86,28,112,65,22,29,13,8,393,272,149,91,-10.96,0,-,1.19,5,Matteo Martineau,France,183,76,22,326,326,41,25,10,6,173,136,47,45,2.32,0,-,4.81,4
1998191,2021-11-07-00-20,Linz,wta,Qualification - round of 16,indoors,1,2.0,-1,Xinyu Wang,China,182,75,20,107,107,31,22,10,5,132,81,20,10,-3.44,1,-,1.40,5,Anastasia Gasanova,Russia,-,-,22,142,142,26,22,12,7,187,111,44,29,9.68,1,-,2.99,6
1998067,2021-11-07-00-30,Orlando 3 ITF,wta,quarterfinal,clay,2,1.0,-1,Portillo Ramirez Maria,Mexico,-,-,22,638,638,36,15,23,10,105,81,42,34,8.5,0,-,2.16,7,Amina Anshba,Russia,-,-,22,302,278,29,24,20,17,197,122,158,82,-2.39,0,-,1.65,6
1998066,2021-11-07-00-30,Orlando 3 ITF,wta,quarterfinal,clay,1,0.0,0,Alexandra Kiick,USA,170,62,26,274,126,13,14,9,7,229,159,125,65,-4.46,0,-,2.03,6,Nefisa Berberovic,Bosnia and Herzeg.,-,-,22,466,448,30,18,23,12,167,84,105,54,4.89,0,-,1.74,7
1998065,2021-11-07-00-30,Orlando 3 ITF,wta,quarterfinal,clay,2,1.8,0.21,Moyuka Uchijima,Japan,-,-,20,538,357,15,4,3,0,84,64,18,9,3.54,0,-,3.80,6,Emma Navarro,USA,-,-,20,287,281,16,13,10,7,52,49,34,28,4.97,0,1414,1.21,7
1998045,2021-11-07-00-30,Orlando 3 ITF,wta,quarterfinal,clay,2,1.8,0.45,Lulu Sun,Switzerland,-,-,20,343,341,24,11,5,2,129,71,20,20,2.46,0,-,2.62,6,Jeong Jang Su,South Korea,170,53,26,277,120,32,11,32,11,343,237,38,20,6.6,0,-,1.45,8
1998204,2021-11-07-00-45,Nantes ITF,wta,semifinal,indoors,1,1.0,0.44,Anhelina Kalinina,Ukraine,179,70,24,57,57,44,14,6,2,290,145,59,28,6.12,0,-,1.44,6,Martina Trevisan,Italy,-,-,28,114,66,24,24,3,1,270,150,21,16,-6.85,0,-,2.64,8
1998217,2021-11-07-00-30,Buenos Aires WTA,wta,semifinal,clay,2,0.0,0,Panna Udvardy,Hungary,-,-,23,128,128,61,24,53,15,233,157,185,114,-0.62,0,1443,2.08,9,Diane Parry,France,-,-,19,174,174,42,21,41,18,103,73,85,52,-3.34,0,1399,1.84,9
1998237,2021-11-07-02-40,Bergamo challenger,atp,semifinal,indoors,2,1.0,-1,Alex Molcan,Slovakia,178,73,23,114,112,58,22,5,3,203,117,20,21,14.31,0,-,2.16,7,Rune Holger Vitus,Denmark,185,68,18,118,118,67,25,15,4,112,52,16,6,8.69,0,-,1.74,6
1998259,2021-11-07-02-00,UTR Pro Match Series,wta,-,hard,2,1.0,-1,Berta Bonardi,Argentina,-,-,26,-,-,12,6,3,1,61,47,3,1,0.61,0,-,-,6,Anastasia Sysoeva,Russia,-,-,18,903,814,26,24,25,21,73,120,56,51,-10.34,0,-,-,7
1998216,2021-11-07-03-15,Midland WTA,wta,semifinal,indoors,1,1.2,0.2,Madison Brengle,USA,174,60,31,71,35,34,24,5,1,530,392,55,41,-0.66,3,-,1.20,9,Danielle Lao,USA,160,80,30,316,152,16,16,5,1,185,157,13,9,-0.36,2,-,5.19,6
1998238,2021-11-07-05-05,Bergamo challenger,atp,semifinal,indoors,1,0.0,0,Cem Ilkel,Turkey,183,82,26,158,158,35,24,6,6,345,258,39,43,8.16,0,-,1.87,6,Fabian Marozsan,Hungary,-,-,22,415,408,46,17,10,1,138,74,10,2,5.4,0,-,1.99,9
1998245,2021-11-07-06-15,Midland WTA,wta,semifinal,indoors,1,1.8,-1,Robin Anderson,USA,-,-,28,214,159,27,19,3,0,214,145,32,20,0.16,0,-,3.08,8,Caty McNally,USA,167,51,19,145,105,22,19,3,0,97,69,19,5,-4.67,0,-,1.43,6
1998241,2021-11-07-07-00,Guayaquil challenger,atp,semifinal,clay,1,2.0,-1,Jesper De Jong,Netherlands,180,70,21,232,223,34,29,29,18,135,73,74,36,-3.55,0,1501,3.18,7,Martin Etcheverry Tomas,Argentina,196,82,22,131,131,60,25,59,22,220,108,197,92,6.87,1,-,1.38,7
1998327,2021-11-07-08-00,UTR Pro Tennis Series,atp,-,hard,2,1.0,-1,Joshua Ryan,Australia,-,-,24,-,-,3,3,3,3,17,26,11,17,9.86,0,-,-,3,Nicholas Gadecki Thomas,Australia,-,-,15,-,-,4,11,4,11,4,11,4,11,-1.64,0,-,-,3
1998246,2021-11-07-09-05,Guayaquil challenger,atp,semifinal,clay,1,1.0,0.63,Alejandro Tabilo,Chile,188,75,24,169,156,33,30,21,16,269,177,166,104,0.03,1,1528,1.63,8,Thiago Seyboth Wild,Brazil,185,78,21,132,106,21,26,15,18,123,100,108,81,-13.28,1,1482,2.35,4
1998331,2021-11-07-12-15,UTR Pro Tennis Series,atp,-,hard,2,1.0,-1,Henry Lamchinniah,Australia,-,-,16,-,-,6,7,6,7,7,8,7,8,3.79,1,-,-,4,Cade Birrell,Australia,-,-,21,-,-,7,12,7,12,18,38,12,23,-7.32,1,-,-,2
1998334,2021-11-07-17-00,Heraklion 8 ITF,wta,final,clay,2,1.8,0.11,Giorgia Pinto,Italy,-,-,29,1179,696,18,14,15,10,121,143,51,68,0.91,0,-,5.79,8,Anna Gabric,Germany,-,-,23,691,530,35,18,34,17,113,96,97,75,-0.8,0,-,1.11,8
1998295,2021-11-07-18-30,Solarino ITF,wta,final,hard,2,1.2,-1,Federica Bilardo,Italy,-,-,22,769,547,25,10,4,0,139,107,28,16,-2.67,0,-,1.23,6,Alicia Smith,Australia,-,-,25,781,662,17,11,16,10,109,122,89,94,-4.92,0,-,3.92,6
1998294,2021-11-07-17-30,Monastir 8 ITF,wta,final,hard,1,0.0,0,Yexin Ma,China,-,-,22,569,447,22,7,22,7,138,117,101,89,1.6,0,-,1.51,8,Julia Middendorf,Germany,-,-,18,711,711,17,7,4,0,23,15,4,0,5.25,0,-,2.45,8
1998288,2021-11-07-16-30,Antalya 30 ITF,wta,final,clay,1,1.2,0.28,Julia Riera,Argentina,-,-,19,809,809,39,15,18,7,57,34,36,25,7.85,0,-,1.28,9,Fangran Tian,China,-,-,18,-,-,6,1,6,1,9,4,7,3,6.61,0,-,3.44,8
1998292,2021-11-07-19-00,Haabneeme ITF,wta,final,indoors,1,1.0,0.3,Katie Swan,Great Britain,170,55,22,286,163,19,11,4,0,151,96,6,6,11.28,0,-,1.30,7,Ekaterina Shalimova,Russia,-,-,21,519,492,36,23,5,2,87,69,11,10,1.04,0,-,3.34,7
1998577,2021-11-07-19-00,Nantes ITF,wta,final,indoors,1,1.0,0.54,Anhelina Kalinina,Ukraine,179,70,24,57,57,45,14,7,2,291,145,60,28,6.55,0,-,1.54,7,Oceane Dodin,France,183,59,25,97,46,37,28,13,8,318,193,153,68,-7.9,1,-,2.38,8
1998731,2021-11-07-18-15,Roanne challenger,atp,Qualification - round of 16,indoors,2,1.0,-1,Kenny de Schepper,France,203,100,34,501,62,38,21,11,9,495,390,226,152,-5.14,0,-,-,5,Jelle Sels,Netherlands,188,83,26,395,261,34,28,13,11,251,213,49,49,-15.21,2,-,-,6
1998533,2021-11-07-18-35,Bratislava challenger,atp,Qualification - round of 16,indoors,1,2.0,-1,Marvin Moeller,Germany,178,69,22,421,421,23,26,7,9,84,72,34,25,-11.97,1,-,-,4,Christopher Heyman,Belgium,191,90,28,396,258,32,22,3,4,348,186,80,42,2.82,0,-,-,5
