match_id,time_stamp,title,tour,round,surface,winner,predict,prediction_roi,player1_name,player1_country,player1_height,player1_weight,player1_age,player1_current_rank,player1_highest_rank,player1_year_total_win,player1_year_total_lose,player1_year_surface_win,player1_year_surface_lose,player1_career_total_win,player1_career_total_lose,player1_career_surface_win,player1_career_surface_lose,player1_roi,player1_H2H,player1_elo,player1_odds,player2_name,player2_country,player2_height,player2_weight,player2_age,player2_current_rank,player2_highest_rank,player2_year_total_win,player2_year_total_lose,player2_year_surface_win,player2_year_surface_lose,player2_career_total_win,player2_career_total_lose,player2_career_surface_win,player2_career_surface_lose,player2_roi,player2_H2H,player2_elo,player2_odds
1991231,2021-10-18-22-20,Moscow,atp,1. round,indoors,1,1.56,-1,John Millman,Australia,183,79,32,62,33,19,23,4,4,440,293,54,32,-2.63,0,-,2.1,Benjamin Bonzi,France,185,76,25,63,61,57,24,20,10,348,196,80,60,4.26,0,-,1.81
1991218,2021-10-18-21-55,Tenerife WTA,wta,1. round,hard,2,0.0,0,Nuria Parrizas-Diaz,Spain,-,-,30,65,65,53,16,23,5,485,293,332,165,19.29,0,2140,2.14,Ann Li,USA,160,50,21,60,60,18,13,14,8,131,81,87,52,0.59,0,1748,1.78
1991955,2021-10-18-23-00,Moscow,wta,1. round,indoors,2,0.0,0,Qinwen Zheng,China,-,-,19,158,154,25,7,9,1,91,35,18,3,3.82,0,-,1.9,Lesya Tsurenko,Ukraine,174,67,32,145,23,21,13,7,2,435,291,83,41,-4.8,0,-,1.99
1991956,2021-10-18-21-35,Moscow,wta,1. round,indoors,2,1.5,1.0,Alexandra Krunic,Serbia,163,53,28,144,39,34,15,6,2,355,253,44,36,2.97,0,-,1.89,Bernarda Pera,USA,175,80,26,100,59,21,22,3,1,352,200,39,25,-7.7,1,-,2.0
1991392,2021-10-19-02-10,Antwerp,atp,1. round,indoors,2,1.4,-1,Richard Gasquet,France,183,79,35,73,7,23,16,5,2,718,394,146,84,-3.49,0,-,1.57,Dusan Lajovic,Serbia,183,83,31,33,23,16,24,1,3,508,389,62,63,-1.34,1,-,2.55
1991941,2021-10-19-01-10,Moscow,atp,1. round,indoors,2,1.55,0.52,Damir Dzumhur,Bosnia and Herzeg.,175,68,29,137,23,32,29,2,1,478,314,82,55,-11.02,0,-,2.70,Marin Cilic,Croatia,198,89,33,41,3,22,17,2,1,653,350,126,69,-3.49,1,-,1.52
1991391,2021-10-19-00-40,Antwerp,atp,1. round,indoors,2,1.57,0.3,Federico Delbonis,Argentina,193,90,31,40,33,29,21,0,0,528,355,18,30,0.72,0,-,3.82,Arthur Rinderknech,France,196,86,26,65,65,50,25,22,10,211,121,62,36,9.37,1,-,1.30
1991951,2021-10-19-01-45,Tenerife WTA,wta,1. round,hard,2,0.0,0,Kaja Juvan,Slovenia,170,58,20,96,90,21,18,16,8,158,75,43,24,-2.36,0,1686,1.71,Anna Schmiedlova Karolina,Slovakia,-,-,27,90,26,34,21,13,8,352,232,115,92,-0.36,2,1698,2.25
1991949,2021-10-19-00-40,Tenerife WTA,wta,1. round,hard,2,1.59,1.04,Shuai Zhang,China,177,66,32,55,23,17,23,7,9,522,366,378,231,-9.38,0,1747,1.85,Xinyu Wang,China,182,75,20,114,114,28,20,9,7,129,79,85,52,-3.49,0,2140,2.04
1991952,2021-10-19-02-10,Tenerife WTA,wta,1. round,hard,1,1.59,-1,Adina Cristian Jaqueline,Romania,180,-,23,108,108,30,22,4,4,233,159,80,50,5.24,0,2140,2.24,Tamara Zidansek,Slovenia,167,80,23,33,33,30,19,9,12,266,121,60,47,7.68,0,1721,1.71
1991358,2021-10-19-03-20,Moscow,wta,1. round,indoors,2,1.34,-1,Darya Kasatkina,Russia,170,62,24,28,10,36,18,5,0,263,146,42,19,4.67,1,-,1.27,Anhelina Kalinina,Ukraine,179,70,24,57,57,38,12,0,0,284,143,53,26,4.34,0,-,4.15
1991943,2021-10-19-04-40,Moscow,atp,1. round,indoors,1,1.51,-1,James Duckworth,Australia,183,82,29,52,52,32,21,8,6,375,232,31,23,17.64,0,-,1.41,Borna Gojo,Croatia,196,90,23,245,208,18,20,3,3,142,103,29,19,-2.86,0,-,3.11
1991395,2021-10-19-04-05,Antwerp,atp,1. round,indoors,2,1.52,0.85,Alexei Popyrin,Australia,196,78,22,74,61,27,21,5,0,182,137,28,20,5.5,0,-,2.04,Van De Zandschulp,Netherlands,188,83,26,61,61,48,21,1,2,269,136,87,31,12.07,0,-,1.85
1991957,2021-10-19-18-10,Moscow,wta,1. round,indoors,2,1.5,0.16,Maria Bara Irina,Romania,164,80,26,136,112,32,21,1,2,347,227,18,22,-5.47,1,-,6.05,Tereza Martincova,Czech Republic,179,64,26,51,51,39,25,9,5,402,301,110,75,-0.62,0,-,1.16
1991226,2021-10-19-18-10,Moscow,atp,1. round,indoors,2,1.42,-1,Roman Safiullin,Russia,185,75,24,160,151,18,19,5,6,296,138,47,30,-0.47,0,-,1.9,Adrian Mannarino,France,180,79,33,51,22,10,21,1,3,609,468,213,146,-9.89,0,-,1.99
1991230,2021-10-19-18-10,Moscow,atp,1. round,indoors,1,1.53,-1,Tommy Paul,USA,185,82,24,54,50,23,20,2,1,294,178,30,22,-1.88,2,-,1.71,Mikael Ymer,Sweden,183,75,23,101,67,23,18,1,3,219,118,65,32,6.98,0,-,2.25
1991942,2021-10-19-19-30,Moscow,atp,1. round,indoors,2,1.37,-1,Alexander Bublik,Kazakhstan,198,77,24,35,34,31,25,6,3,272,183,79,47,3.4,0,-,1.48,Illya Marchenko,Ukraine,185,82,34,164,49,35,24,22,8,551,391,208,116,5.41,0,-,2.82
1991229,2021-10-19-19-30,Moscow,atp,1. round,indoors,2,1.58,0.73,Guido Pella,Argentina,183,79,31,82,20,8,17,0,0,502,335,12,14,-2.64,1,-,2.22,Pedro Martinez,Spain,185,76,24,60,59,34,22,2,1,365,196,6,12,3.7,0,-,1.73
1991396,2021-10-19-21-00,Antwerp,atp,1. round,indoors,1,1.35,0.62,Alejandro Davidovich Fokina,Spain,183,80,22,44,32,27,22,6,7,194,125,19,19,-4.26,0,-,1.62,Jordan Thompson,Australia,183,82,27,72,43,21,22,0,0,360,236,25,16,-5.83,1,-,2.43
1991214,2021-10-19-19-30,Tenerife WTA,wta,1. round,hard,2,0.0,0,Heather Watson,Great Britain,170,64,29,72,38,10,19,6,12,369,286,180,152,-8.59,0,1646,5.16,Clara Tauson,Denmark,-,-,18,48,48,37,13,12,3,134,40,46,9,4.91,0,1918,1.2
1991950,2021-10-19-19-30,Tenerife WTA,wta,1. round,hard,1,1.33,0.38,Alize Cornet,France,173,60,31,66,11,22,24,10,11,522,407,202,168,3.69,4,1784,1.38,Stefanie Voegele,Switzerland,170,60,31,115,42,18,22,4,3,508,417,190,164,-10.37,4,1534,3.28
1991212,2021-10-19-21-00,Tenerife WTA,wta,1. round,hard,2,0.0,0,Lucrezia Stefanini,Italy,-,-,23,188,188,40,22,24,14,219,164,48,31,-0.6,0,1364,3.21,Mayar Sherif,Egypt,-,-,25,64,64,33,20,9,10,192,84,65,41,-2.42,0,1634,1.39
