match_id,tour,title,surface,round,winner,prediction_roi,player1_name,player1_country,player1_height,player1_weight,player1_age,player1_current_rank,player1_highest_rank,player1_year_total_win,player1_year_total_lose,player1_year_surface_win,player1_year_surface_lose,player1_career_total_win,player1_career_total_lose,player1_career_surface_win,player1_career_surface_lose,player1_roi,player1_odds,player1_H2H,player1_elo,player2_name,player2_country,player2_height,player2_weight,player2_age,player2_current_rank,player2_highest_rank,player2_year_total_win,player2_year_total_lose,player2_year_surface_win,player2_year_surface_lose,player2_career_total_win,player2_career_total_lose,player2_career_surface_win,player2_career_surface_lose,player2_roi,player2_odds,player2_H2H,player2_elo
1967960,atp,Washington,hard,2. round,1,,Mackenzie McDonald,USA,178,73,26,107,57,35,17,10,7,240,166,159,105,6.68,1.50,1,1705,Benoit Paire,France,196,80,32,49,18,8,24,1,7,538,436,130,123,-12.02,2.79,1,1651
1968220,atp,Washington,hard,round of 16,2,,Cameron Norrie,Great Britain,188,82,25,29,29,41,16,15,7,262,151,170,73,17.1,1.96,0,1901,Kei Nishikori,Japan,178,73,31,67,4,21,14,10,6,570,258,283,130,6.05,1.94,2,1831
1968215,atp,Washington,hard,round of 16,1,,John Millman,Australia,183,79,32,43,33,13,17,4,5,434,287,256,152,-1.52,2.41,3,1714,Reilly Opelka,USA,211,102,23,36,31,10,14,4,7,188,146,84,72,-3.06,1.64,0,1757
1968210,atp,Washington,hard,round of 16,2,,Brandon Nakashima,USA,185,77,20,89,89,31,18,14,6,112,60,71,34,-0.14,1.45,0,1722,Denis Kudla,USA,180,79,28,103,53,29,18,12,6,439,318,193,151,4.3,2.97,1,1674
1968211,atp,Washington,hard,round of 16,2,,Ricardas Berankis,Lithuania,175,77,31,86,50,13,14,6,5,541,342,230,148,-2.34,2.23,2,1715,Steve Johnson,USA,188,86,31,81,21,9,10,6,5,344,261,218,153,4.21,1.74,1,1682
1968218,atp,Washington,hard,round of 16,2,,Sebastian Korda,USA,193,75,21,45,45,27,13,10,4,153,96,49,35,8.85,2.11,0,1864,Jannik Sinner,Italy,188,76,19,24,17,26,16,14,6,147,83,41,26,-4.43,1.81,1,1910
1967309,atp,Washington,hard,2. round,1,,Rafael Nadal,Spain,185,85,35,3,1,25,4,6,1,1134,237,455,121,0.52,1.14,6,2086,Jack Sock,USA,191,88,28,192,8,16,11,10,5,297,229,150,128,-0.74,6.78,0,1674
1967974,atp,Washington,hard,round of 16,2,,Felix Auger Aliassime,Canada,193,88,20,15,15,25,16,11,6,212,128,67,49,1.98,1.62,0,1864,Jenson Brooksby,USA,188,82,20,130,126,37,7,21,4,113,53,76,38,16.4,2.45,1,1824
1967787,wta,San Jose WTA,hard,round of 16,2,,Kristina Mladenovic,France,184,60,28,60,10,16,21,4,8,384,334,138,163,-3.24,5.96,3,1736,Elise Mertens,Belgium,179,67,25,17,12,25,12,14,4,358,189,196,84,0.33,1.17,3,1979
1967956,wta,Concord WTA,hard,round of 16,1,,Renata Zarazua,Mexico,160,55,23,137,131,16,15,10,7,285,185,116,81,-0.62,1.76,3,1491,Grace Min,USA,163,64,27,167,97,17,13,8,4,342,248,168,142,1.51,2.17,1,1496
1967948,wta,Concord WTA,hard,round of 16,1,,Vera Zvonareva,Russia,172,59,36,86,2,21,11,6,4,556,282,297,145,1.04,1.47,2,1808,Varvara Lepchenko,USA,180,70,35,126,19,24,12,11,5,624,453,392,262,1.89,2.89,0,1609
1967385,wta,Cluj-Napoca WTA,clay,round of 16,2,,Lara Arruabarrena-Vecino,Spain,166,58,29,198,52,16,14,15,10,413,308,279,154,-5.12,3.45,1,-,Mihaela Buzarnescu,Romania,175,59,33,170,20,18,13,11,4,474,270,259,128,0.34,1.36,4,1608
1967554,wta,Cluj-Napoca WTA,clay,round of 16,1,,Mayar Sherif,Egypt,-,-,25,119,114,19,15,12,7,178,79,105,38,-4.12,1.24,1,1551,Alexandra Eala,Philippines,-,-,16,639,624,16,10,4,3,21,14,8,6,2.04,4.52,0,-
1967788,wta,Concord WTA,hard,round of 16,2,,Storm Sanders,Australia,166,59,26,139,134,23,12,8,5,183,155,120,105,12.65,1.71,0,1636,Magdalena Frech,Poland,-,-,23,153,115,19,13,2,1,313,195,93,58,-2.95,2.25,1,1590
1967680,wta,Concord WTA,hard,round of 16,1,,Katrina Scott,USA,-,-,17,372,372,9,10,8,5,24,19,22,12,-0.16,1.81,1,-,Caroline Dolehide,USA,178,75,22,171,102,6,15,4,7,187,130,107,71,-9.86,2.09,0,1474
1967540,wta,Cluj-Napoca WTA,clay,round of 16,1,,Kristyna Pliskova,Czech Republic,184,73,29,123,35,10,14,6,7,461,372,141,128,-8.26,1.52,3,1627,Katarzyna Kawa,Poland,-,-,28,182,112,5,14,3,7,356,259,247,167,-5.37,2.73,0,1480
1967525,wta,Cluj-Napoca WTA,clay,round of 16,1,,Kristina Kucova,Slovakia,163,59,31,118,71,26,17,19,10,441,328,267,153,1.56,1.81,2,1597,Maria Bara Irina,Romania,164,80,26,120,112,26,16,26,11,341,222,301,166,-4.18,2.12,0,-
1967306,wta,San Jose WTA,hard,round of 16,1,,Ana Konjuh,Croatia,174,65,23,116,20,33,16,11,4,203,122,66,47,6.86,1.43,2,1758,Alison Riske,USA,175,66,31,37,18,3,8,1,3,382,308,195,171,-3.5,3.06,1,1789
1967310,wta,San Jose WTA,hard,round of 16,2,,Madison Keys,USA,178,66,26,26,7,10,10,2,4,307,168,183,102,-1.47,1.53,2,1902,Shuai Zhang,China,177,66,32,51,23,12,14,2,2,517,357,373,224,-2.62,2.71,5,1762
1967961,wta,San Jose WTA,hard,round of 16,2,,Ajla Tomljanovic,Australia,180,67,28,50,39,22,17,6,8,341,258,182,140,2.87,2.15,1,1775,Yulia Putintseva,Kazakhstan,163,59,26,35,27,20,15,8,6,334,253,149,131,1.11,1.79,3,1815