match_id,time_stamp,title,tour,round,surface,winner,predict,prediction_roi,player1_name,player1_country,player1_height,player1_weight,player1_age,player1_current_rank,player1_highest_rank,player1_year_total_win,player1_year_total_lose,player1_year_surface_win,player1_year_surface_lose,player1_career_total_win,player1_career_total_lose,player1_career_surface_win,player1_career_surface_lose,player1_roi,player1_H2H,player1_elo,player1_odds,player2_name,player2_country,player2_height,player2_weight,player2_age,player2_current_rank,player2_highest_rank,player2_year_total_win,player2_year_total_lose,player2_year_surface_win,player2_year_surface_lose,player2_career_total_win,player2_career_total_lose,player2_career_surface_win,player2_career_surface_lose,player2_roi,player2_H2H,player2_elo,player2_odds
1991360,2021-10-20-00-10,Moscow,wta,1. round,indoors,2,1.56,0.28,Anastasia Potapova,Russia,175,57,20,68,64,21,21,5,3,125,86,22,13,-3.52,0,-,4.01,Simona Halep,Romania,168,60,30,19,1,17,8,0,0,545,227,48,33,-2.59,1,-,1.28
1992492,2021-10-19-22-30,Antwerp,atp,1. round,indoors,2,1.45,-1,Alex De Minaur,Australia,183,69,22,26,15,23,21,1,3,232,133,43,24,-11.2,0,-,1.76,Brandon Nakashima,USA,185,77,20,79,79,36,22,11,2,117,64,26,11,-1.16,0,-,2.17
1991944,2021-10-19-21-10,Moscow,atp,1. round,indoors,2,1.45,-1,Miomir Kecmanovic,Serbia,183,75,22,71,38,14,23,2,2,205,135,17,16,-13.19,0,-,1.84,Egor Gerasimov,Belarus,196,86,28,109,65,19,26,10,5,390,269,146,88,-9.72,0,-,2.06
1991215,2021-10-19-23-50,Tenerife WTA,wta,1. round,hard,2,1.3,-1,Alison Van Uytvanck,Belgium,173,63,27,58,37,19,16,7,7,350,237,91,87,-3.12,0,1763,1.20,Danka Kovinic,Montenegro,169,67,26,74,46,13,18,3,11,355,259,101,110,0.82,1,1593,5.11
1991213,2021-10-19-22-50,Tenerife WTA,wta,1. round,hard,1,1.43,0.66,Saisai Zheng,China,170,62,27,86,34,14,16,8,11,345,236,230,157,-3.78,0,1742,1.66,Rebeka Masarova,Spain,186,71,22,169,169,42,12,27,6,134,56,39,11,8.69,0,1575,2.34
1992493,2021-10-19-22-30,Antwerp,atp,1. round,indoors,1,1.45,0.63,Henri Laaksonen,Switzerland,185,78,29,99,93,40,20,11,4,429,336,123,86,19.09,1,-,1.63,Benoit Paire,France,196,80,32,47,18,14,31,1,2,544,443,127,103,-8.3,0,-,2.40
1991219,2021-10-19-19-40,Tenerife WTA,wta,1. round,hard,1,1.56,-1,Varvara Gracheva,Russia,178,-,21,80,77,20,26,10,9,169,97,37,31,-0.42,0,1638,3.02,Sara Sorribes Tormo,Spain,176,69,25,34,34,30,18,24,10,347,216,97,80,14.94,0,1866,1.43
1991948,2021-10-19-22-35,Tenerife WTA,wta,1. round,hard,2,1.56,0.87,Alison Riske,USA,175,66,31,49,18,10,14,7,8,389,314,201,176,-2.82,2,1775,2.02,Donna Vekic,Croatia,179,64,25,101,19,13,15,9,11,300,227,178,118,-1.43,2,1747,1.87
1991216,2021-10-19-22-40,Tenerife WTA,wta,1. round,hard,1,1.56,-1,Arantxa Rus,Netherlands,180,65,30,61,61,35,20,2,7,589,355,132,112,-1.82,0,1694,2.20,Viktorija Golubic,Switzerland,169,56,29,45,45,46,20,15,10,417,248,113,74,11.09,1,1749,1.74
1991359,2021-10-19-22-30,Moscow,wta,1. round,indoors,1,1.56,-1,Ekaterina Alexandrova,Russia,180,66,26,37,25,22,20,3,4,376,216,137,57,-4.36,5,-,2.76,Ons Jabeur,Tunis,167,66,27,8,8,48,18,0,0,365,204,53,32,7.29,1,-,1.50
1992491,2021-10-20-00-25,Antwerp,atp,1. round,indoors,2,1.55,0.76,Reilly Opelka,USA,211,102,24,25,19,20,19,0,2,198,151,33,16,1.43,0,-,2.17,Jenson Brooksby,USA,188,82,20,70,70,44,11,6,1,120,57,15,6,15.41,0,-,1.76
1991390,2021-10-20-00-25,Antwerp,atp,1. round,indoors,1,1.55,-1,Lorenzo Musetti,Italy,185,75,19,69,57,32,25,6,4,113,73,25,16,-5.02,2,-,2.05,Gianluca Mager,Italy,188,77,26,67,66,29,25,2,2,364,254,60,45,4.15,0,-,1.85
1991946,2021-10-20-01-05,Tenerife WTA,wta,1. round,hard,1,1.38,0.33,Camila Giorgi,Italy,168,54,29,36,26,23,16,11,8,389,284,155,123,7.53,0,1882,1.33,Aliona Bolsova,Spain,174,80,23,178,88,15,17,5,6,197,112,54,36,-4.13,0,1563,3.64
1991947,2021-10-20-01-30,Tenerife WTA,wta,1. round,hard,2,1.55,0.27,Mandy Minella,Luxembourg,180,63,35,217,66,13,15,2,1,587,453,183,146,2.02,0,1538,4.11,Greetje Minnen,Belgium,175,68,24,69,69,34,22,18,11,251,131,130,60,-4.57,0,1666,1.27
1991363,2021-10-20-01-00,Moscow,wta,1. round,indoors,2,1.38,-1,Jelena Ostapenko,Latvia,177,68,24,30,5,31,18,6,3,296,181,79,33,2.84,2,-,1.32,Andrea Petkovic,Germany,180,69,34,79,9,21,19,0,0,531,361,88,65,-0.99,1,-,3.66
1991211,2021-10-20-04-10,Tenerife WTA,wta,1. round,hard,1,0.0,0,Elina Svitolina,Ukraine,174,60,27,6,3,39,19,31,12,457,230,259,112,2.34,0,1978,1.10,Osorio Serrano Maria,Colombia,-,-,19,63,63,31,16,10,11,122,61,36,24,12.76,0,2140,8.33
1991361,2021-10-20-03-45,Moscow,wta,1. round,indoors,2,1.5,1.04,Elena Rybakina,Kazakhstan,184,73,22,17,16,32,21,2,1,203,97,55,21,-5.44,0,-,1.85,Marketa Vondrousova,Czech Republic,172,59,22,35,14,29,18,3,1,205,88,46,8,2.81,0,-,2.04
1991954,2021-10-20-03-15,Moscow,wta,1. round,indoors,1,0.0,0,Veronika Kudermetova,Russia,175,63,24,32,28,31,22,1,2,269,182,53,30,-2.29,0,-,1.17,Oksana Selekhmeteva,Russia,-,-,18,238,238,58,21,2,0,88,38,5,5,-1.02,0,-,5.81
1991393,2021-10-20-02-45,Antwerp,atp,1. round,indoors,1,1.5,-1,Jan-Lennard Struff,Germany,193,92,31,50,29,23,25,0,3,548,388,155,108,-1.52,1,-,1.52,Albert Ramos-Vinolas,Spain,188,76,33,45,17,25,25,0,0,686,513,21,50,0.92,2,-,2.68
1992490,2021-10-20-04-50,Antwerp,atp,1. round,indoors,2,1.57,0.61,Dennis Novak,Austria,183,80,28,114,85,24,24,11,5,450,242,56,45,-1.86,0,-,2.46,Marton Fucsovics,Hungary,188,82,29,39,31,24,19,6,2,418,298,113,83,0.63,1,-,1.61
1991397,2021-10-20-02-35,Antwerp,atp,1. round,indoors,2,1.48,-1,Frances Tiafoe,USA,188,86,23,48,29,32,23,0,0,263,190,32,32,4.12,1,-,2.16,Andy Murray,Great Britain,190,83,34,172,1,16,12,8,5,800,262,146,46,-2.87,1,-,1.77
1991394,2021-10-20-06-40,Antwerp,atp,1. round,indoors,2,1.76,0.27,Zizou Bergs,Belgium,185,83,22,186,186,41,20,21,4,188,103,47,19,4.99,0,-,4.13,Lloyd Harris,RSA,193,80,24,32,31,30,20,0,1,311,151,28,20,9.02,0,-,1.27
1991227,2021-10-20-18-05,Moscow,atp,1. round,indoors,1,0.0,0,Federico Coria,Argentina,180,73,29,68,61,34,26,0,0,517,317,2,5,3.56,0,-,1.58,Alibek Kachmazov,Russia,-,-,19,638,612,25,18,16,4,44,41,19,9,-6.44,0,-,2.51
1992645,2021-10-20-18-05,Moscow,wta,round of 16,indoors,2,1.76,0.33,Tereza Martincova,Czech Republic,179,64,26,51,51,40,25,10,5,403,301,111,75,-0.49,0,-,3.64,Garbine Muguruza,Spain,182,73,28,5,1,37,15,0,0,452,228,22,17,0.35,0,-,1.33
1991233,2021-10-20-19-40,Moscow,atp,1. round,indoors,1,1.48,0.53,Mackenzie McDonald,USA,178,73,26,55,55,40,22,7,2,245,171,38,26,6.48,0,-,1.53,Yoshihito Nishioka,Japan,170,64,26,78,48,16,23,2,2,361,204,42,24,-1.67,3,-,2.65
1992499,2021-10-20-19-30,Tenerife WTA,wta,round of 16,hard,1,0.0,0,Anna Schmiedlova Karolina,Slovakia,-,-,27,90,26,35,21,14,8,353,232,116,92,0.82,1,1698,2.25,Adina Cristian Jaqueline,Romania,180,-,23,108,108,31,22,5,4,234,159,81,50,6.47,0,2140,1.72
