match_id,time_stamp,title,tour,round,surface,winner,predict,prediction_roi,player1_name,player1_country,player1_height,player1_weight,player1_age,player1_current_rank,player1_highest_rank,player1_year_total_win,player1_year_total_lose,player1_year_surface_win,player1_year_surface_lose,player1_career_total_win,player1_career_total_lose,player1_career_surface_win,player1_career_surface_lose,player1_roi,player1_H2H,player1_elo,player1_odds,player2_name,player2_country,player2_height,player2_weight,player2_age,player2_current_rank,player2_highest_rank,player2_year_total_win,player2_year_total_lose,player2_year_surface_win,player2_year_surface_lose,player2_career_total_win,player2_career_total_lose,player2_career_surface_win,player2_career_surface_lose,player2_roi,player2_H2H,player2_elo,player2_odds
1980115,2021-09-16-20-30,Portoroz WTA,wta,round of 16,hard,2,1.42,-1,Tereza Martincova,Czech Republic,179,64,26,61,60,34,21,17,8,397,297,105,77,-2.2,1,1772,2.21,Sorana-Mihaela Cirstea,Romania,176,59,31,40,21,22,15,9,8,486,363,217,164,9.74,1,1775,1.75
1980724,2021-09-17-19-00,Portoroz WTA,wta,round of 16,hard,2,1.32,-1,Anhelina Kalinina,Ukraine,179,70,24,64,64,38,11,5,5,284,142,69,49,6.34,0,1653,2.19,Tamara Zidansek,Slovenia,167,80,23,34,34,28,16,7,9,264,118,58,44,7.02,0,1719,1.75
1981025,2021-09-17-19-00,Portoroz WTA,wta,quarterfinal,hard,2,0.0,0,Lucia Bronzetti,Italy,-,-,22,167,167,54,18,14,3,224,144,54,24,13.75,0,1473,4.67,Yulia Putintseva,Kazakhstan,163,59,26,44,27,23,19,11,10,337,257,152,135,-1.47,0,1822,1.23
1981149,2021-09-17-20-00,Luxembourg WTA,wta,quarterfinal,indoors,1,1.28,0.58,Jelena Ostapenko,Latvia,177,68,24,30,5,24,15,3,1,289,178,76,31,-0.2,1,-,1.58,Alize Cornet,France,173,60,31,72,11,21,21,2,1,521,404,77,59,6.02,2,-,2.55
