match_id,time_stamp,title,tour,round,surface,winner,predict,prediction_roi,player1_name,player1_country,player1_height,player1_weight,player1_age,player1_current_rank,player1_highest_rank,player1_year_total_win,player1_year_total_lose,player1_year_surface_win,player1_year_surface_lose,player1_career_total_win,player1_career_total_lose,player1_career_surface_win,player1_career_surface_lose,player1_roi,player1_H2H,player1_elo,player1_odds,player1_latest_win,player2_name,player2_country,player2_height,player2_weight,player2_age,player2_current_rank,player2_highest_rank,player2_year_total_win,player2_year_total_lose,player2_year_surface_win,player2_year_surface_lose,player2_career_total_win,player2_career_total_lose,player2_career_surface_win,player2_career_surface_lose,player2_roi,player2_H2H,player2_elo,player2_odds,player2_latest_win
1998506,2021-11-07-20-30,Tenerife challenger,atp,final,hard,1,1.0,0.45,Tallon Griekspoor,Netherlands,188,85,25,88,88,55,19,10,3,302,165,109,47,17.95,0,1758,1.45,10,Feliciano Lopez,Spain,188,88,40,104,12,17,24,10,12,618,569,265,237,-8.39,0,1650,2.87,5
1998348,2021-11-07-20-00,Eckental challenger,atp,final,indoors,1,1.56,-1,Daniel Masur,Germany,183,78,27,241,202,27,26,19,11,318,237,107,72,-4.05,0,-,2.22,5,Maxime Cressy,USA,201,88,24,133,133,30,27,10,6,154,99,53,24,0.04,1,-,1.70,8
1998580,2021-11-07-21-45,Stockholm,atp,Qualification - quarterfinal,indoors,2,2.0,0.6,Adrian Menendez-Maceiras,Spain,183,75,36,315,111,16,22,1,2,664,525,52,70,-8.66,0,-,2.36,3,Viktor Durasovic,Norway,185,80,24,351,298,28,24,12,6,275,213,46,47,1.84,0,-,1.60,7
1998709,2021-11-07-16-00,Sharm El Sheikh 16 ITF,wta,Qualification - 1. round,hard,2,1.0,-1,Layla Shoukry,Egypt,-,-,15,-,-,5,5,1,2,5,5,1,2,-1.73,0,-,-,5,Alina Michalitsch,Austria,-,-,21,-,-,4,15,2,7,36,70,21,33,-14.0,0,-,-,2
1998507,2021-11-07-22-00,Linz,wta,Qualification - quarterfinal,indoors,1,1.0,0.06,Xinyu Wang,China,182,75,20,107,107,32,22,11,5,133,81,21,10,-3.05,1,-,1.06,6,Leonie Kung,Switzerland,173,57,21,169,144,13,28,5,3,174,138,20,17,-19.16,0,-,9.76,1
1998499,2021-11-07-21-40,Linz,wta,Qualification - quarterfinal,indoors,2,1.61,0.63,Ana Bogdan,Romania,171,59,28,108,59,16,15,2,2,355,223,43,35,-1.58,1,-,2.32,6,Kateryna Kozlova,Ukraine,175,51,27,129,62,24,17,2,1,353,234,65,46,1.84,1,-,1.63,6
1998500,2021-11-07-19-10,Linz,wta,Qualification - quarterfinal,indoors,1,1.2,0.44,Harmony Tan,France,-,-,24,109,109,37,19,9,3,268,210,73,50,4.6,0,-,1.44,8,Kristina Kucova,Slovakia,163,59,31,111,71,33,27,1,0,448,338,49,52,-2.87,0,-,2.81,4
1998498,2021-11-07-19-10,Linz,wta,Qualification - quarterfinal,indoors,1,2.0,-1,Lesya Tsurenko,Ukraine,174,67,32,113,23,28,15,14,4,442,293,90,43,-4.13,1,-,1.69,8,Adina Cristian Jaqueline,Romania,180,-,23,104,104,34,24,14,5,237,161,40,26,7.07,0,-,2.19,6
1998333,2021-11-07-19-00,Castellon ITF,wta,final,clay,1,1.2,0.31,Celia Cervino Ruiz,Spain,-,-,23,588,588,40,18,16,5,102,59,36,17,-1.91,0,-,1.31,8,Lucia Peyre,Argentina,-,-,16,-,-,11,4,10,3,12,5,11,4,3.46,0,-,3.27,8
1998527,2021-11-07-21-55,Stockholm,atp,Qualification - quarterfinal,indoors,2,1.2,-1,Egor Gerasimov,Belarus,196,86,28,112,65,23,29,14,8,394,272,150,91,-10.78,0,-,1.39,6,Pavel Kotov,Russia,191,86,22,272,245,21,21,9,6,171,107,68,40,-1.79,0,-,3.06,5
1998501,2021-11-07-20-10,Stockholm,atp,Qualification - quarterfinal,indoors,2,1.2,-1,Jozef Kovalik,Slovakia,183,82,29,135,80,30,26,4,2,455,309,26,39,-3.18,1,-,1.44,6,Denis Istomin,Uzbekistan,188,85,35,249,33,16,27,6,9,613,496,110,112,-11.08,0,-,2.83,2
1998502,2021-11-07-20-05,Stockholm,atp,Qualification - quarterfinal,indoors,1,1.0,1.0,Andrea Vavassori,Italy,193,78,26,295,278,16,12,2,3,225,179,32,34,4.68,0,-,2.00,6,Nino Serdarusic,Croatia,191,85,24,242,192,27,32,2,6,287,229,29,40,-9.95,0,-,1.83,3
1998729,2021-11-07-21-30,Roanne challenger,atp,Qualification - round of 16,indoors,2,1.0,-1,Arthur Fils,France,-,-,17,666,666,25,21,1,6,26,23,1,7,7.39,1,-,-,2,Georgii Kravchenko,Ukraine,180,63,21,411,411,40,30,0,0,162,103,6,4,-8.88,0,-,-,6
1998540,2021-11-07-23-10,Ortisei challenger,atp,Qualification - round of 16,indoors,2,1.0,-1,Alexander Erler,Austria,193,83,24,325,320,42,23,4,7,201,163,24,27,9.96,0,-,-,3,Alexander Cozbinov,Moldavsko,-,-,26,651,649,35,25,11,6,131,104,18,12,-1.09,1,-,-,5
1998543,2021-11-07-22-10,Ortisei challenger,atp,Qualification - round of 16,indoors,2,1.0,-1,Samuel Vincent Ruggeri,Italy,-,-,19,868,868,32,22,4,1,38,27,9,2,1.87,0,-,-,7,Filippo Baldi,Italy,183,80,25,397,144,3,15,0,0,230,218,49,35,-9.6,0,-,-,2
1998226,2021-11-08-00-10,Stockholm,atp,1. round,indoors,2,1.8,0.01,Leo Borg,Sweden,-,-,18,2139,2048,1,12,0,2,1,20,0,4,-9.84,0,-,23.11,1,Tommy Paul,USA,185,82,24,53,50,28,23,7,4,299,181,35,25,-2.14,0,-,1.01,6
1998762,2021-11-08-00-00,Orlando 3 ITF,wta,final,clay,2,1.8,0.4,Alexandra Kiick,USA,170,62,26,274,126,15,14,11,7,231,159,127,65,-2.72,0,-,2.83,7,Emma Navarro,USA,-,-,20,287,281,18,13,12,7,54,49,36,28,5.22,1,1414,1.40,8
1998575,2021-11-08-01-00,Buenos Aires WTA,wta,final,clay,1,1.0,0.88,Anna Bondar,Hungary,-,-,24,135,131,58,26,41,15,299,143,227,99,7.91,0,1610,1.88,7,Diane Parry,France,-,-,19,174,174,43,21,42,18,104,73,86,52,-2.57,0,1399,2.03,9
1998358,2021-11-08-01-00,Linz,wta,1. round,indoors,2,2.0,0.55,Fiona Ferro,France,170,56,24,105,39,20,21,5,3,248,195,33,41,-5.91,0,-,2.62,5,Aliaksandra Sasnovich,Belarus,174,60,27,88,30,24,20,3,3,346,225,96,41,6.87,0,-,1.55,5
1998357,2021-11-08-00-20,Linz,wta,1. round,indoors,2,0.0,0,Clara Burel,France,-,-,20,77,75,41,19,12,3,92,56,26,12,0.1,0,-,1.79,8,Saisai Zheng,China,170,62,27,87,34,17,18,4,2,348,238,34,16,-1.42,0,-,2.13,5
1998821,2021-11-08-01-30,Knoxville challenger,atp,Qualification - round of 16,indoors,2,1.0,-1,Govind Nanda,USA,-,-,20,490,446,25,12,0,0,82,47,0,2,9.23,0,-,-,8,Gijs Brouwer,Netherlands,191,72,25,381,342,43,21,20,7,225,150,60,42,-3.15,0,-,-,5
1998819,2021-11-08-00-10,Knoxville challenger,atp,Qualification - round of 16,indoors,2,1.0,-1,Robert Galloway,USA,188,82,29,1038,1037,3,5,1,2,82,58,9,8,8.56,0,-,-,3,Kumar Mukund Sasi,India,185,78,24,383,229,21,27,0,2,259,230,11,18,-11.48,0,-,-,4
1998818,2021-11-08-00-10,Knoxville challenger,atp,Qualification - round of 16,indoors,1,2.0,-1,JC Aragone,USA,178,79,26,347,225,27,30,0,3,169,152,38,33,-13.58,0,-,-,6,Dennis Novikov,USA,193,91,28,913,119,4,5,1,1,269,242,28,37,-2.18,0,-,-,4
1998761,2021-11-08-00-30,Bergamo challenger,atp,final,indoors,2,1.2,-1,Rune Holger Vitus,Denmark,185,68,18,118,118,68,25,16,4,113,52,17,6,9.33,1,-,1.24,6,Cem Ilkel,Turkey,183,82,26,158,158,36,24,7,6,346,258,40,43,8.98,0,-,4.35,6
1998232,2021-11-08-01-30,Stockholm,atp,1. round,indoors,1,1.2,0.51,Marton Fucsovics,Hungary,188,82,29,40,31,27,22,9,5,421,301,116,86,0.21,1,-,1.51,3,Adrian Mannarino,France,180,79,33,59,22,13,24,4,6,612,471,216,149,-2.69,0,-,2.74,4
1998227,2021-11-08-03-05,Stockholm,atp,1. round,indoors,1,1.6,-1,Alejandro Davidovich Fokina,Spain,183,80,22,45,32,29,24,8,9,196,127,21,21,-5.13,0,-,1.96,4,Mackenzie McDonald,USA,178,73,26,54,54,42,25,9,5,247,174,40,29,4.66,0,-,1.93,4
1998764,2021-11-08-04-00,Midland WTA,wta,final,indoors,1,1.2,0.45,Madison Brengle,USA,174,60,31,71,35,35,24,6,1,531,392,56,41,-0.47,2,-,1.45,9,Robin Anderson,USA,-,-,28,214,159,28,19,4,0,215,145,33,20,2.15,0,-,3.01,8
1998356,2021-11-08-03-05,Linz,wta,1. round,indoors,1,1.0,1.29,Jasmine Paolini,Italy,160,60,25,51,51,34,22,3,1,295,204,27,31,10.59,2,-,2.29,6,Dayana Yastremska,Ukraine,175,67,21,100,21,7,11,2,2,156,96,17,14,-6.38,0,-,1.68,4
1998765,2021-11-08-09-10,Guayaquil challenger,atp,final,clay,1,1.42,0.61,Alejandro Tabilo,Chile,188,75,24,169,156,34,30,22,16,270,177,167,104,0.69,0,1528,1.61,8,Jesper De Jong,Netherlands,180,70,21,232,223,35,29,30,18,136,73,75,36,-1.53,1,1501,2.39,8
1998953,2021-11-08-17-00,Sharm El Sheikh 16 ITF,wta,Qualification - 2. round,hard,1,2.0,-1,Marie Villet,France,-,-,24,1058,1047,21,19,21,18,75,82,57,44,-14.33,0,-,-,5,Vera Deepoem,Thailand,-,-,17,-,-,2,5,2,5,3,7,3,7,-4.0,0,-,-,3
1998688,2021-11-08-19-30,Monastir 9 ITF,wta,Qualification - 2. round,hard,1,2.0,-1,Natsuho Arakawa,Japan,-,-,24,1381,1381,22,15,22,15,42,40,38,32,-12.1,0,-,-,5,Cristine Tchanichev,Belgium,-,-,18,-,-,1,2,0,1,1,2,0,1,-1.0,0,-,-,1
1998991,2021-11-08-19-05,Roanne challenger,atp,Qualification - quarterfinal,indoors,2,1.0,-1,Luca Van Assche,France,-,-,17,516,516,23,19,15,12,30,24,16,15,9.42,1,-,-,7,Calvin Hemery,France,191,83,26,399,116,31,17,4,4,309,210,68,57,-6.63,0,-,-,5
1998997,2021-11-08-18-40,Ortisei challenger,atp,Qualification - quarterfinal,indoors,1,2.0,-1,Tobias Simon,Germany,198,96,30,461,391,20,25,8,9,378,333,112,91,-6.88,0,-,-,6,Filip Misolic,Austria,-,-,20,350,350,48,14,2,1,70,32,5,2,21.44,0,-,-,7
1998996,2021-11-08-18-40,Ortisei challenger,atp,Qualification - quarterfinal,indoors,1,2.0,-1,Lucas Miedler,Austria,183,78,25,297,201,32,28,4,4,345,210,42,40,-0.47,0,-,-,5,Marcello Serafini,Italy,-,-,19,913,913,29,20,2,1,29,20,2,1,15.51,0,-,-,4
