match_id,time_stamp,title,tour,round,surface,winner,predict,prediction_roi,player1_name,player1_country,player1_height,player1_weight,player1_age,player1_current_rank,player1_highest_rank,player1_year_total_win,player1_year_total_lose,player1_year_surface_win,player1_year_surface_lose,player1_career_total_win,player1_career_total_lose,player1_career_surface_win,player1_career_surface_lose,player1_roi,player1_H2H,player1_elo,player1_odds,player2_name,player2_country,player2_height,player2_weight,player2_age,player2_current_rank,player2_highest_rank,player2_year_total_win,player2_year_total_lose,player2_year_surface_win,player2_year_surface_lose,player2_career_total_win,player2_career_total_lose,player2_career_surface_win,player2_career_surface_lose,player2_roi,player2_H2H,player2_elo,player2_odds
1979563,2021-09-14-03-30,Luxembourg WTA,wta,1. round,indoors,2,0.0,0,(1996) Makarova Ekaterina,Russia,-,-,25,449,398,29,23,4,3,109,78,13,10,4.78,0,-,-,Jana Fett,Croatia,168,65,24,227,97,22,19,6,4,258,171,86,38,-7.28,0,-,-
1979562,2021-09-13-20-10,Luxembourg WTA,wta,1. round,indoors,1,0.0,0,Oceane Dodin,France,183,59,24,95,46,26,24,2,4,307,189,142,64,-7.74,0,-,1.51,Anastasia Zakharova,Russia,-,-,19,228,228,26,19,5,2,123,51,37,13,-3.07,0,-,2.74
1979393,2021-09-14-00-00,Portoroz WTA,wta,1. round,hard,2,1.46,-1,Heather Watson,Great Britain,170,64,29,59,38,10,17,6,10,369,284,180,150,-6.59,4,1663,2.42,Sorana-Mihaela Cirstea,Romania,176,59,31,40,21,21,15,8,8,485,363,216,164,9.16,1,1775,1.63
1979796,2021-09-14-19-00,Portoroz WTA,wta,1. round,hard,2,1.81,0.28,Katarina Zavatska,Ukraine,172,63,21,135,103,13,14,3,3,190,127,61,45,-1.21,0,1534,4.0,Katie Boulter,Great Britain,182,68,25,171,82,20,10,11,7,226,144,149,90,4.52,1,1756,1.28
1979795,2021-09-14-19-00,Portoroz WTA,wta,1. round,hard,2,0.0,0,Rebecca Peterson,Sweden,173,65,26,80,43,17,16,9,9,288,173,138,74,0.96,0,1715,1.49,Lucia Bronzetti,Italy,-,-,22,167,167,52,18,12,3,222,144,52,24,9.7,0,1473,2.77
1979387,2021-09-14-19-00,Portoroz WTA,wta,1. round,hard,1,0.0,0,Alison Riske,USA,175,66,31,38,18,4,11,2,6,383,311,196,174,-3.61,0,1768,1.1,Pia Lovric,Slovenia,-,-,19,632,632,25,12,6,1,47,29,6,1,3.63,0,2128,7.87
