match_id,time_stamp,title,tour,round,surface,winner,predict,prediction_roi,player1_name,player1_country,player1_height,player1_weight,player1_age,player1_current_rank,player1_highest_rank,player1_year_total_win,player1_year_total_lose,player1_year_surface_win,player1_year_surface_lose,player1_career_total_win,player1_career_total_lose,player1_career_surface_win,player1_career_surface_lose,player1_roi,player1_H2H,player1_elo,player1_odds,player1_latest_win,player2_name,player2_country,player2_height,player2_weight,player2_age,player2_current_rank,player2_highest_rank,player2_year_total_win,player2_year_total_lose,player2_year_surface_win,player2_year_surface_lose,player2_career_total_win,player2_career_total_lose,player2_career_surface_win,player2_career_surface_lose,player2_roi,player2_H2H,player2_elo,player2_odds,player2_latest_win
2012558,2021-12-22-11-00,Seoul WTA,wta,round of 16,hard,1,0.0,0,Arianne Hartono,Netherlands,-,-,25,197,196,50,28,13,5,141,89,59,31,1.52,0,1503,1.04,6,Ji-Hee Choi,South Korea,-,-,26,1028,339,5,10,4,6,209,177,203,161,-8.36,0,-,14.93,3
2012300,2021-12-22-14-00,Seoul WTA,wta,round of 16,hard,2,0.0,0,Reka-Luca Jani,Hungary,161,58,30,170,147,40,28,8,8,544,306,44,40,1.49,0,-,1.38,6,Ekaterina Kazionova,Russia,-,-,22,356,355,25,25,1,5,182,135,48,42,-10.38,0,-,3.1,6
2012284,2021-12-22-12-25,Seoul WTA,wta,round of 16,hard,1,0.0,0,Isabella Shinikova,Bulgaria,184,56,30,226,133,30,28,16,11,538,338,132,57,0.63,0,1472,1.08,7,Boyoung Jeong,South Korea,-,-,18,-,-,1,0,1,0,8,11,7,10,4.63,0,-,8.71,4
2012560,2021-12-22-15-00,Seoul WTA,wta,round of 16,hard,1,0.0,0,Anastasia Kulikova,Finland,-,-,21,274,273,56,20,49,17,173,73,90,43,2.25,0,-,1.61,7,Valentini Grammatikopoulou,Greece,164,58,24,184,158,29,24,11,6,345,225,138,67,-0.67,1,1500,2.35,5
