match_id,tour,title,surface,round,winner,prediction_roi,player1_name,player1_country,player1_height,player1_weight,player1_age,player1_current_rank,player1_highest_rank,player1_year_total_win,player1_year_total_lose,player1_year_surface_win,player1_year_surface_lose,player1_career_total_win,player1_career_total_lose,player1_career_surface_win,player1_career_surface_lose,player1_roi,player1_odds,player1_H2H,player1_elo,player2_name,player2_country,player2_height,player2_weight,player2_age,player2_current_rank,player2_highest_rank,player2_year_total_win,player2_year_total_lose,player2_year_surface_win,player2_year_surface_lose,player2_career_total_win,player2_career_total_lose,player2_career_surface_win,player2_career_surface_lose,player2_roi,player2_odds,player2_H2H,player2_elo
1969621,atp,Toronto - Masters,hard,2. round,1,,Hubert Hurkacz,Poland,196,81,24,13,11,21,13,14,4,260,163,123,56,12.88,1.93,2,1854,Kei Nishikori,Japan,178,73,31,55,4,23,15,12,7,572,259,285,131,5.01,1.98,0,1875
1969622,atp,Toronto - Masters,hard,2. round,2,,Felix Auger Aliassime,Canada,193,88,21,16,15,25,17,11,7,212,129,67,50,0.98,1.25,0,1832,Dusan Lajovic,Serbia,183,83,31,44,23,15,19,7,6,507,384,98,80,2.27,4.46,2,1679
1969499,atp,Toronto - Masters,hard,2. round,2,,Jannik Sinner,Italy,188,76,19,15,15,29,17,17,7,150,84,44,27,-4.26,1.19,1,1944,James Duckworth,Australia,183,82,29,85,71,21,15,10,5,364,226,208,127,14.53,5.47,1,1631
1969553,atp,Toronto - Masters,hard,2. round,1,,Reilly Opelka,USA,211,102,23,32,31,12,14,6,7,190,146,86,72,-1.36,1.58,1,1748,Grigor Dimitrov,Bulgaria,191,81,30,21,3,12,12,8,6,506,306,205,126,-3.35,2.55,0,1820
1969462,atp,Toronto - Masters,hard,2. round,2,,Ugo Humbert,France,188,73,23,26,25,19,16,6,5,225,137,95,45,-0.85,3.46,2,1869,Stefanos Tsitsipas,Greece,193,89,23,3,3,43,12,16,4,365,176,148,83,0.64,1.36,1,2037
1969698,atp,Toronto - Masters,hard,2. round,1,,John Isner,USA,208,108,36,30,8,18,7,13,4,532,329,324,167,10.15,1.47,1,1852,Cristian Garin,Chile,185,85,25,20,18,18,13,0,3,332,210,40,38,-3.74,2.91,2,1782
1969730,atp,Toronto - Masters,hard,2. round,2,,Feliciano Lopez,Spain,188,88,39,99,12,12,19,5,8,613,564,260,233,-7.12,3.93,1,1671,Lloyd Harris,RSA,193,80,24,49,49,22,15,16,6,303,146,227,81,8.68,1.30,1,1802
1969494,atp,Toronto - Masters,hard,2. round,2,,Fabio Fognini,Italy,178,79,34,37,9,20,18,10,8,609,455,131,131,-0.48,4.01,5,1801,Andrey Rublev,Russia,188,70,23,7,7,37,12,16,5,322,182,116,64,1.4,1.29,4,2005
1969463,atp,Toronto - Masters,hard,2. round,2,,Marin Cilic,Croatia,198,89,32,39,3,21,14,5,6,652,347,246,135,-1.61,2.27,0,1820,Casper Ruud,Norway,183,77,22,12,12,36,9,6,2,251,153,44,36,7.68,1.71,2,1895
1969626,atp,Toronto - Masters,hard,2. round,2,,Aslan Karatsev,Russia,-,-,27,22,22,27,13,17,5,389,241,137,66,13.96,2.65,1,1859,Karen Khachanov,Russia,198,87,25,29,8,27,16,14,5,315,215,116,72,-0.13,1.55,4,1878
1969504,wta,Montreal,hard,2. round,2,,Harriet Dart,Great Britain,172,58,25,172,121,16,16,7,7,250,180,139,93,-0.66,3.80,1,1558,Vanessa Andreescu Bianca,Canada,170,60,21,8,4,13,7,10,3,155,59,102,28,-0.39,1.31,2,-
1969505,atp,Toronto - Masters,hard,2. round,2,,Tommy Paul,USA,185,82,24,58,50,17,16,6,8,288,174,143,94,-4.55,2.79,0,1735,Roberto Bautista-Agut,Spain,183,75,33,18,9,24,18,10,6,701,415,273,130,-1.93,1.50,3,1841
1969620,atp,Toronto - Masters,hard,2. round,2,,Alex De Minaur,Australia,183,69,22,17,15,20,16,7,7,229,128,107,55,-7.96,1.57,1,1824,Nikoloz Basilashvili,Georgia,185,79,29,43,16,25,19,11,6,432,346,188,148,14.08,2.58,1,1752
1968908,wta,Montreal,hard,1. round,1,,Danielle Collins,USA,178,64,27,28,23,28,9,16,5,180,112,107,72,6.9,1.27,1,-,Belen Teichmann Jil,Switzerland,170,80,24,65,40,13,13,10,7,227,159,58,55,-0.34,4.14,1,-
1969717,atp,Toronto - Masters,hard,2. round,2,,Benoit Paire,France,196,80,32,50,18,9,25,2,8,539,437,131,124,-11.49,3.30,1,1648,Diego Schwartzman,Argentina,170,64,28,14,8,21,13,8,5,559,320,77,71,-7.28,1.39,4,1864
1969695,wta,Montreal,hard,2. round,2,,Nadia Podoroska,Argentina,170,60,24,38,36,16,14,9,9,314,166,91,57,3.09,2.50,2,1741,Camila Giorgi,Italy,168,54,29,71,26,19,12,7,4,385,280,151,119,6.78,1.60,1,1842
1969492,wta,Montreal,hard,2. round,1,,Viktoria Azarenka,Belarus,180,60,32,15,1,16,5,6,2,562,213,323,110,-1.32,1.39,4,-,Sorana-Mihaela Cirstea,Romania,176,59,31,40,21,20,12,7,5,484,360,215,161,10.11,3.29,1,-
1969694,wta,Montreal,hard,2. round,1,,Maria Sakkari,Greece,172,62,26,18,18,26,12,16,7,367,243,177,118,5.64,1.46,1,1967,Veronika Kudermetova,Russia,175,63,24,33,28,27,17,11,9,265,177,127,82,0.82,2.96,1,1870
1969619,wta,Montreal,hard,2. round,2,,A. Stephens Sloane,USA,170,61,28,62,3,16,14,3,7,330,231,179,140,3.01,4.63,0,-,Aryna Sabalenka,Belarus,182,80,23,3,3,36,12,16,6,270,133,154,60,0.98,1.24,2,2039
1969710,wta,Montreal,hard,2. round,1,,Sara Sorribes Tormo,Spain,176,69,24,48,46,24,13,19,6,341,211,92,76,15.41,1.80,2,1852,Ludmilla Samsonova,Russia,180,67,22,52,52,27,16,11,6,234,138,56,33,7.44,2.13,0,1819
1969705,wta,Montreal,hard,2. round,2,,Donna Vekic,Croatia,179,64,25,56,19,10,10,6,6,297,222,175,113,2.78,2.77,1,1783,Karolina Pliskova,Czech Republic,186,72,29,6,1,24,14,10,7,602,327,279,143,-0.97,1.51,6,1953
1969506,wta,Montreal,hard,2. round,1,,Rebecca Marino,Canada,183,64,30,220,38,18,12,13,4,242,150,166,83,3.66,4.96,1,1575,Paula Badosa,Spain,180,72,23,31,29,30,12,7,5,273,149,96,50,10.55,1.22,0,1872
1969491,wta,Montreal,hard,2. round,1,,Amanda Anisimova,USA,180,59,19,86,21,13,11,7,3,102,61,60,37,-6.39,1.40,1,1774,Oceane Dodin,France,183,59,24,109,46,22,21,5,3,303,186,81,50,-5.61,3.20,0,1619
1969617,wta,Montreal,hard,2. round,2,,Elina Svitolina,Ukraine,174,60,26,5,3,26,15,18,8,444,226,246,108,2.31,1.40,5,1976,Johanna Konta,Great Britain,180,70,30,41,4,10,7,4,4,428,258,211,118,1.12,3.25,1,1813