match_id,time_stamp,title,tour,round,surface,predict,winner,prediction_roi,player1_name,player1_country,player1_height,player1_weight,player1_age,player1_current_rank,player1_highest_rank,player1_year_total_win,player1_year_total_lose,player1_year_surface_win,player1_year_surface_lose,player1_career_total_win,player1_career_total_lose,player1_career_surface_win,player1_career_surface_lose,player1_roi,player1_H2H,player1_elo,player1_odds,player2_name,player2_country,player2_height,player2_weight,player2_age,player2_current_rank,player2_highest_rank,player2_year_total_win,player2_year_total_lose,player2_year_surface_win,player2_year_surface_lose,player2_career_total_win,player2_career_total_lose,player2_career_surface_win,player2_career_surface_lose,player2_roi,player2_H2H,player2_elo,player2_odds
1977277,2021-09-06-04-30,US Open,wta,round of 16,hard,1.2,2,-1.0,Elise Mertens,Belgium,179,67,25,16,12,30,15,19,7,363,192,201,87,-0.04,2,1945,3.37,Aryna Sabalenka,Belarus,182,80,23,2,2,41,14,21,8,275,135,159,62,0.38,5,2039,1.36
1977239,2021-09-06-07-00,US Open,atp,round of 16,hard,1.8,2,0.24,Peter Gojowczyk,Germany,188,83,32,141,39,31,20,9,3,586,431,186,131,9.98,0,1625,4.49,Carlos Alcaraz,Spain,185,72,18,55,54,37,15,14,6,105,34,27,8,7.19,0,1765,1.24
1977247,2021-09-06-03-00,US Open,wta,round of 16,hard,1.72,2,2.51,Angelique Kerber,Germany,173,68,33,17,1,26,12,11,6,684,357,352,174,10.17,0,1895,1.34,Annie Fernandez Leylah,Canada,158,48,18,73,66,18,15,14,8,106,67,65,35,0.24,0,1738,3.51
1977246,2021-09-06-01-00,US Open,atp,round of 16,hard,0.0,1,0.0,De Van,Netherlands,188,83,25,117,117,44,19,14,3,265,134,25,10,10.48,0,-,4.6,Diego Schwartzman,Argentina,170,64,29,14,8,26,15,13,7,564,322,82,73,-7.35,0,1858,1.24
1977228,2021-09-06-02-00,US Open,wta,round of 16,hard,1.23,1,0.94,Elina Svitolina,Ukraine,174,60,26,5,3,34,16,26,9,452,227,254,109,3.3,5,1962,1.94,Simona Halep,Romania,168,60,29,13,1,16,6,12,3,544,225,239,105,-0.99,5,1956,1.94
1977237,2021-09-06-03-30,US Open,atp,round of 16,hard,1.96,2,0.05,Daniel Evans,Great Britain,175,75,31,27,25,22,17,10,8,537,322,233,128,9.03,0,1808,13.44,Daniil Medvedev,Russia,198,83,25,2,2,43,10,27,4,367,162,149,53,-0.78,0,2099,1.05
1977229,2021-09-06-11-00,US Open,wta,round of 16,hard,1.11,1,0.72,Barbora Krejcikova,Czech Republic,178,62,25,9,9,42,12,24,8,363,182,76,55,11.6,1,1954,1.72,Garbine Muguruza,Spain,182,73,27,10,1,34,13,27,8,449,226,227,108,-0.49,1,2001,2.25
1977281,2021-09-06-09-30,US Open,atp,round of 16,hard,2.0,2,0.58,Frances Tiafoe,USA,188,86,23,50,29,30,21,17,11,261,188,118,90,4.69,0,1789,2.55,Felix Auger Aliassime,Canada,193,88,21,15,15,31,18,17,8,218,130,73,51,4.31,0,1812,1.58