match_id,time_stamp,title,tour,round,surface,winner,predict,prediction_roi,player1_name,player1_country,player1_height,player1_weight,player1_age,player1_current_rank,player1_highest_rank,player1_year_total_win,player1_year_total_lose,player1_year_surface_win,player1_year_surface_lose,player1_career_total_win,player1_career_total_lose,player1_career_surface_win,player1_career_surface_lose,player1_roi,player1_H2H,player1_elo,player1_odds,player1_latest_win,player2_name,player2_country,player2_height,player2_weight,player2_age,player2_current_rank,player2_highest_rank,player2_year_total_win,player2_year_total_lose,player2_year_surface_win,player2_year_surface_lose,player2_career_total_win,player2_career_total_lose,player2_career_surface_win,player2_career_surface_lose,player2_roi,player2_H2H,player2_elo,player2_odds,player2_latest_win
2009398,2021-12-15-19-45,Limoges,wta,1. round,indoors,1,1.26,0.57,Vera Zvonareva,Russia,172,59,37,87,2,24,15,4,2,559,286,86,56,-3.36,1,-,1.57,5,Natalia Vikhlyantseva,Russia,185,70,24,194,54,12,19,5,6,214,155,53,31,-3.1,2,-,2.53,5
2009386,2021-12-15-21-45,Limoges,wta,1. round,indoors,2,0.0,0,Shuai Zhang,China,177,66,32,59,23,23,27,5,4,528,370,30,18,-11.12,0,-,1.32,6,Jessika Ponchet,France,-,-,25,201,169,28,18,5,5,252,184,67,49,-4.61,0,-,3.71,5
2010436,2021-12-16-00-30,Limoges,wta,round of 16,indoors,2,0.0,0,Elsa Jacquemot,France,-,-,18,288,288,25,24,12,9,44,42,21,17,-5.81,0,-,2.68,6,Caroline Garcia,France,177,61,28,74,4,26,25,2,2,379,297,54,49,-11.03,0,-,1.53,4
2009408,2021-12-16-03-10,Limoges,wta,1. round,indoors,2,1.68,0.51,Vitalia Diatchenko,Russia,180,63,31,136,71,22,17,10,6,359,193,150,59,0.07,1,-,2.71,8,Alison Van Uytvanck,Belgium,173,63,27,68,37,22,19,8,3,353,240,126,51,-4.99,0,-,1.51,7
2010438,2021-12-16-06-15,Limoges,wta,round of 16,indoors,2,0.0,0,Mallaurie Noel,France,-,-,27,406,406,27,24,14,6,169,155,64,45,1.4,0,-,4.21,6,Ana Bogdan,Romania,171,59,29,119,59,17,18,3,4,356,226,44,37,-4.15,0,-,1.27,4
2011034,2021-12-16-19-30,Limoges,wta,round of 16,indoors,1,0.0,0,Jessika Ponchet,France,-,-,25,201,169,29,18,6,5,253,184,68,49,-1.99,0,-,1.95,5,Polona Hercog,Slovenia,185,70,30,134,35,16,23,2,3,460,313,20,21,-12.04,1,-,1.93,5
