match_id,time_stamp,title,tour,round,surface,winner,predict,prediction_roi,player1_name,player1_country,player1_height,player1_weight,player1_age,player1_current_rank,player1_highest_rank,player1_year_total_win,player1_year_total_lose,player1_year_surface_win,player1_year_surface_lose,player1_career_total_win,player1_career_total_lose,player1_career_surface_win,player1_career_surface_lose,player1_roi,player1_H2H,player1_elo,player1_odds,player2_name,player2_country,player2_height,player2_weight,player2_age,player2_current_rank,player2_highest_rank,player2_year_total_win,player2_year_total_lose,player2_year_surface_win,player2_year_surface_lose,player2_career_total_win,player2_career_total_lose,player2_career_surface_win,player2_career_surface_lose,player2_roi,player2_H2H,player2_elo,player2_odds
1979565,2021-09-14-21-40,Luxembourg WTA,wta,1. round,indoors,1,1.51,-1,Arianne Hartono,Netherlands,168,-,25,300,300,35,21,6,4,126,82,24,16,-1.79,0,-,2.35,Anna-Lena Friedsam,Germany,174,68,27,126,45,18,19,2,2,303,182,89,41,-7.75,0,-,1.66
1979794,2021-09-14-22-55,Portoroz WTA,wta,1. round,hard,1,1.34,0.85,Viktoria Kuzmova,Slovakia,180,61,23,149,43,13,15,7,6,276,151,144,61,-4.94,1,1570,1.85,Tereza Mrdeza,Croatia,173,65,30,225,150,30,23,7,6,447,299,96,77,-0.64,1,1405,2.04
1979386,2021-09-15-00-15,Portoroz WTA,wta,1. round,hard,2,1.49,-1,Sara Errani,Italy,164,58,34,110,5,16,20,6,9,611,429,215,168,3.83,0,1636,3.17,Anhelina Kalinina,Ukraine,179,70,24,64,64,37,11,4,5,283,142,68,49,5.98,0,1653,1.4
1979385,2021-09-15-00-10,Portoroz WTA,wta,1. round,hard,2,1.11,-1,Petra Martic,Croatia,181,63,30,42,14,14,18,6,10,387,272,140,117,-7.61,1,1769,1.68,Kaja Juvan,Slovenia,170,58,20,103,91,16,15,12,6,153,72,39,22,-3.36,0,1648,2.3
1979392,2021-09-14-21-25,Portoroz WTA,wta,1. round,hard,1,1.58,-1,Tereza Martincova,Czech Republic,179,64,26,61,60,33,21,16,8,396,297,104,77,-2.76,1,1772,1.58,Kristina Kucova,Slovakia,163,59,31,119,71,29,21,9,9,444,332,121,108,0.14,1,1593,2.52
1979566,2021-09-14-20-10,Luxembourg WTA,wta,1. round,indoors,2,1.45,-1,Lesya Tsurenko,Ukraine,174,67,32,165,23,16,11,2,0,430,289,78,39,-4.05,2,-,2.23,Aliaksandra Sasnovich,Belarus,174,60,27,111,30,19,17,2,2,341,220,95,40,1.17,1,-,1.72
1979391,2021-09-14-21-05,Portoroz WTA,wta,1. round,hard,2,1.09,-1,Danka Kovinic,Montenegro,169,67,26,63,46,12,15,2,8,354,256,100,107,3.54,1,1632,2.67,Anna Kalinskaya,Russia,175,68,22,145,96,17,18,11,9,194,118,92,43,-6.16,0,1645,1.53
1979395,2021-09-14-22-40,Portoroz WTA,wta,1. round,hard,2,1.51,0.44,Adina Cristian Jaqueline,Romania,180,-,23,127,127,25,20,2,3,228,157,78,49,4.11,0,1525,2.98,Yulia Putintseva,Kazakhstan,163,59,26,44,27,21,19,9,10,335,257,150,135,-2.21,0,1822,1.44
1979390,2021-09-14-22-45,Portoroz WTA,wta,1. round,hard,2,1.5,1.91,Dayana Yastremska,Ukraine,175,67,21,53,21,3,6,1,5,152,91,61,41,-3.26,0,1774,1.46,Jasmine Paolini,Italy,160,60,25,87,87,23,18,9,10,284,200,71,59,2.43,0,1647,2.91
1979792,2021-09-14-21-05,Portoroz WTA,wta,1. round,hard,1,0.0,0,Alexandra Krunic,Serbia,163,53,28,176,39,27,13,5,2,348,251,111,93,1.64,0,2128,1.07,Ziva Falkner,Slovenia,-,-,19,542,542,29,17,1,2,46,26,1,2,3.9,0,2128,10.67
1979442,2021-09-15-00-30,Luxembourg WTA,wta,1. round,indoors,1,0.0,0,Greetje Minnen,Belgium,175,68,24,78,78,33,20,2,1,250,129,43,21,-3.02,1,-,1.48,Nuria Parrizas-Diaz,Spain,-,-,30,88,88,48,14,0,1,480,291,21,17,17.41,2,-,2.84
1979793,2021-09-15-03-10,Portoroz WTA,wta,1. round,hard,2,0.0,0,Cristiana Ferrando,Italy,-,-,26,318,268,33,16,5,2,271,200,103,58,6.96,0,1361,4.2,Tamara Zidansek,Slovenia,167,80,23,34,34,27,16,6,9,263,118,57,44,6.79,0,1719,1.26
1979564,2021-09-15-05-35,Luxembourg WTA,wta,1. round,indoors,1,1.59,-1,Jelena Ostapenko,Latvia,177,68,24,30,5,22,15,1,1,287,178,74,31,-0.72,0,-,1.44,Jule Niemeier,Germany,178,-,22,133,133,40,16,7,3,137,72,20,13,7.19,0,-,2.97
1980102,2021-09-15-19-00,Portoroz WTA,wta,round of 16,hard,1,0.0,0,Lucia Bronzetti,Italy,-,-,22,167,167,53,18,13,3,223,144,53,24,11.85,0,1473,2.91,Bernarda Pera,USA,175,80,26,90,59,18,20,5,10,349,198,82,75,-6.34,1,1654,1.47
1979759,2021-09-15-20-10,Luxembourg WTA,wta,round of 16,indoors,1,0.0,0,Clara Tauson,Denmark,-,-,18,70,70,33,13,17,3,130,40,38,6,1.56,1,-,1.55,Ekaterina Alexandrova,Russia,180,66,26,33,25,21,18,2,2,375,214,136,55,-2.41,0,-,2.65
1979988,2021-09-15-21-55,Portoroz WTA,wta,round of 16,hard,1,1.73,-1,Kristina Mladenovic,France,184,60,28,68,10,20,25,8,12,388,338,142,167,-5.54,1,1724,3.17,Ana Konjuh,Croatia,174,65,23,82,20,38,19,16,7,208,125,71,50,6.1,2,1772,1.41
1979758,2021-09-15-22-05,Luxembourg WTA,wta,round of 16,indoors,2,1.51,0.48,Oceane Dodin,France,183,59,24,95,46,27,24,3,4,308,189,143,64,-7.28,1,-,2.87,Ludmilla Samsonova,Russia,180,67,22,48,48,31,18,1,0,238,140,49,26,7.28,1,-,1.48
